series,period,value,preliminary
VPI1966,1967,104,false
VPI1966,1967-01,103.3,false
VPI1966,1967-02,103.2,false
VPI1966,1967-03,102.9,false
VPI1966,1967-04,103,false
VPI1966,1967-05,103.5,false
VPI1966,1967-06,103.3,false
VPI1966,1967-07,104,false
VPI1966,1967-08,104.2,false
VPI1966,1967-09,104.9,false
VPI1966,1967-10,105.1,false
VPI1966,1967-11,105.1,false
VPI1966,1967-12,105.3,false
VPI1966,1968,106.9,false
VPI1966,1968-01,105.4,false
VPI1966,1968-02,105.7,false
VPI1966,1968-03,106.1,false
VPI1966,1968-04,106.1,false
VPI1966,1968-05,105.8,false
VPI1966,1968-06,106.5,false
VPI1966,1968-07,106.8,false
VPI1966,1968-08,107.3,false
VPI1966,1968-09,107.4,false
VPI1966,1968-10,108.3,false
VPI1966,1968-11,108.4,false
VPI1966,1968-12,108.5,false
VPI1966,1969,110.2,false
VPI1966,1969-01,108.9,false
VPI1966,1969-02,108.9,false
VPI1966,1969-03,108.9,false
VPI1966,1969-04,109.3,false
VPI1966,1969-05,109.3,false
VPI1966,1969-06,110,false
VPI1966,1969-07,110.7,false
VPI1966,1969-08,110.6,false
VPI1966,1969-09,110.6,false
VPI1966,1969-10,111,false
VPI1966,1969-11,111.4,false
VPI1966,1969-12,112.2,false
VPI1966,1970,115,false
VPI1966,1970-01,113.1,false
VPI1966,1970-02,113,false
VPI1966,1970-03,113.1,false
VPI1966,1970-04,113.4,false
VPI1966,1970-05,113.9,false
VPI1966,1970-06,115.1,false
VPI1966,1970-07,115.8,false
VPI1966,1970-08,115.7,false
VPI1966,1970-09,115.9,false
VPI1966,1970-10,116.4,false
VPI1966,1970-11,116.8,false
VPI1966,1970-12,117.4,false
VPI1966,1971,120.4,false
VPI1966,1971-01,117.8,false
VPI1966,1971-02,118,false
VPI1966,1971-03,118.1,false
VPI1966,1971-04,118.8,false
VPI1966,1971-05,118.7,false
VPI1966,1971-06,120,false
VPI1966,1971-07,120.9,false
VPI1966,1971-08,121.7,false
VPI1966,1971-09,122.1,false
VPI1966,1971-10,122.6,false
VPI1966,1971-11,122.7,false
VPI1966,1971-12,123.1,false
VPI1966,1972,128,false
VPI1966,1972-01,124.1,false
VPI1966,1972-02,124.7,false
VPI1966,1972-03,125.4,false
VPI1966,1972-04,125.5,false
VPI1966,1972-05,125.8,false
VPI1966,1972-06,127.8,false
VPI1966,1972-07,128.3,false
VPI1966,1972-08,129.3,false
VPI1966,1972-09,129.9,false
VPI1966,1972-10,131.2,false
VPI1966,1972-11,131.8,false
VPI1966,1972-12,132.5,false
VPI1966,1973,137.7,false
VPI1966,1973-01,134.1,false
VPI1966,1973-02,134.7,false
VPI1966,1973-03,135,false
VPI1966,1973-04,135.5,false
VPI1966,1973-05,136,false
VPI1966,1973-06,137,false
VPI1966,1973-07,137.4,false
VPI1966,1973-08,138.3,false
VPI1966,1973-09,138.4,false
VPI1966,1973-10,140.4,false
VPI1966,1973-11,142.3,false
VPI1966,1973-12,142.9,false
VPI1966,1974,150.8,false
VPI1966,1974-01,145,false
VPI1966,1974-02,146,false
VPI1966,1974-03,147.1,false
VPI1966,1974-04,148.7,false
VPI1966,1974-05,149.1,false
VPI1966,1974-06,151,false
VPI1966,1974-07,151.2,false
VPI1966,1974-08,152,false
VPI1966,1974-09,152.4,false
VPI1966,1974-10,154.4,false
VPI1966,1974-11,155.7,false
VPI1966,1974-12,156.7,false
VPI1966,1975,163.5,false
VPI1966,1975-01,158.4,false
VPI1966,1975-02,160,false
VPI1966,1975-03,160.7,false
VPI1966,1975-04,161.5,false
VPI1966,1975-05,161.9,false
VPI1966,1975-06,163.6,false
VPI1966,1975-07,164.7,false
VPI1966,1975-08,165.4,false
VPI1966,1975-09,165.7,false
VPI1966,1975-10,166.3,false
VPI1966,1975-11,166.6,false
VPI1966,1975-12,167.3,false
VPI1966,1976,175.5,false
VPI1966,1976-01,169.9,false
VPI1966,1976-02,171.7,false
VPI1966,1976-03,173.2,false
VPI1966,1976-04,174,false
VPI1966,1976-05,174,false
VPI1966,1976-06,175.8,false
VPI1966,1976-07,175.6,false
VPI1966,1976-08,177.7,false
VPI1966,1976-09,177.6,false
VPI1966,1976-10,178.3,false
VPI1966,1976-11,178.5,false
VPI1966,1976-12,179.4,false
VPI1966,1977,185.1,false
VPI1966,1977-01,181.6,false
VPI1966,1977-02,182.7,false
VPI1966,1977-03,183.2,false
VPI1966,1977-04,183.6,false
VPI1966,1977-05,184.1,false
VPI1966,1977-06,185.9,false
VPI1966,1977-07,186.6,false
VPI1966,1977-08,186.7,false
VPI1966,1977-09,186.4,false
VPI1966,1977-10,187.3,false
VPI1966,1977-11,186.4,false
VPI1966,1977-12,186.9,false
VPI1966,1978,191.7,false
VPI1966,1978-01,188.8,false
VPI1966,1978-02,189.7,false
VPI1966,1978-03,190.2,false
VPI1966,1978-04,190.8,false
VPI1966,1978-05,191.1,false
VPI1966,1978-06,191.8,false
VPI1966,1978-07,192.2,false
VPI1966,1978-08,193.4,false
VPI1966,1978-09,192.7,false
VPI1966,1978-10,193.1,false
VPI1966,1978-11,193.2,false
VPI1966,1978-12,193.8,false
VPI1966,1979,198.8,false
VPI1966,1979-01,195.5,false
VPI1966,1979-02,196.6,false
VPI1966,1979-03,196.9,false
VPI1966,1979-04,197.1,false
VPI1966,1979-05,197.1,false
VPI1966,1979-06,198,false
VPI1966,1979-07,199.7,false
VPI1966,1979-08,199.7,false
VPI1966,1979-09,199.9,false
VPI1966,1979-10,200.9,false
VPI1966,1979-11,201.8,false
VPI1966,1979-12,202.9,false
VPI1966,1980,211.4,false
VPI1966,1980-01,205.3,false
VPI1966,1980-02,207.1,false
VPI1966,1980-03,207.8,false
VPI1966,1980-04,208.7,false
VPI1966,1980-05,209.7,false
VPI1966,1980-06,212,false
VPI1966,1980-07,212.9,false
VPI1966,1980-08,214.3,false
VPI1966,1980-09,213.8,false
VPI1966,1980-10,214.5,false
VPI1966,1980-11,214.6,false
VPI1966,1980-12,216.4,false
VPI1966,1981,225.8,false
VPI1966,1981-01,219.7,false
VPI1966,1981-02,221,false
VPI1966,1981-03,222.7,false
VPI1966,1981-04,224.1,false
VPI1966,1981-05,223.9,false
VPI1966,1981-06,225.3,false
VPI1966,1981-07,226.7,false
VPI1966,1981-08,228,false
VPI1966,1981-09,228.5,false
VPI1966,1981-10,229.9,false
VPI1966,1981-11,229.6,false
VPI1966,1981-12,230.3,false
VPI1966,1982,238.1,false
VPI1966,1982-01,233.2,false
VPI1966,1982-02,234.1,false
VPI1966,1982-03,236,false
VPI1966,1982-04,237.1,false
VPI1966,1982-05,237.5,false
VPI1966,1982-06,238.7,false
VPI1966,1982-07,239.2,false
VPI1966,1982-08,239.6,false
VPI1966,1982-09,239.7,false
VPI1966,1982-10,240.4,false
VPI1966,1982-11,240.4,false
VPI1966,1982-12,241.1,false
VPI1966,1983,246,false
VPI1966,1983-01,242.7,false
VPI1966,1983-02,243.8,false
VPI1966,1983-03,244.3,false
VPI1966,1983-04,244.1,false
VPI1966,1983-05,243.4,false
VPI1966,1983-06,244.6,false
VPI1966,1983-07,245.9,false
VPI1966,1983-08,247.3,false
VPI1966,1983-09,247.6,false
VPI1966,1983-10,249,false
VPI1966,1983-11,249.4,false
VPI1966,1983-12,250.3,false
VPI1966,1984,260,false
VPI1966,1984-01,256.4,false
VPI1966,1984-02,257.6,false
VPI1966,1984-03,258.5,false
VPI1966,1984-04,258.5,false
VPI1966,1984-05,257.8,false
VPI1966,1984-06,260.1,false
VPI1966,1984-07,259.6,false
VPI1966,1984-08,262,false
VPI1966,1984-09,261.5,false
VPI1966,1984-10,262,false
VPI1966,1984-11,262.7,false
VPI1966,1984-12,262.9,false
VPI1966,1985,268.3,false
VPI1966,1985-01,265,false
VPI1966,1985-02,266.4,false
VPI1966,1985-03,267.8,false
VPI1966,1985-04,268.3,false
VPI1966,1985-05,267.6,false
VPI1966,1985-06,268.5,false
VPI1966,1985-07,268.7,false
VPI1966,1985-08,268.9,false
VPI1966,1985-09,269,false
VPI1966,1985-10,269,false
VPI1966,1985-11,269.6,false
VPI1966,1985-12,270.3,false
VPI1966,1986,272.8,false
VPI1966,1986-01,272.7,false
VPI1966,1986-02,273.1,false
VPI1966,1986-03,272.6,false
VPI1966,1986-04,272,false
VPI1966,1986-05,271.7,false
VPI1966,1986-06,272.6,false
VPI1966,1986-07,272.7,false
VPI1966,1986-08,273.4,false
VPI1966,1986-09,273.6,false
VPI1966,1986-10,273.4,false
VPI1966,1986-11,272.9,false
VPI1966,1986-12,273.3,false
VPI1966,1987,276.7,false
VPI1966,1987-01,273.6,false
VPI1966,1987-02,273.3,false
VPI1966,1987-03,273.9,false
VPI1966,1987-04,274.4,false
VPI1966,1987-05,275.3,false
VPI1966,1987-06,277.7,false
VPI1966,1987-07,279.1,false
VPI1966,1987-08,280.4,false
VPI1966,1987-09,278.8,false
VPI1966,1987-10,278.3,false
VPI1966,1987-11,277.4,false
VPI1966,1987-12,277.7,false
VPI1966,1988,282,false
VPI1966,1988-01,278.8,false
VPI1966,1988-02,279.3,false
VPI1966,1988-03,280.2,false
VPI1966,1988-04,280.4,false
VPI1966,1988-05,279.9,false
VPI1966,1988-06,281.5,false
VPI1966,1988-07,284.8,false
VPI1966,1988-08,285.6,false
VPI1966,1988-09,284,false
VPI1966,1988-10,283.2,false
VPI1966,1988-11,282.9,false
VPI1966,1988-12,282.9,false
VPI1966,1989,289.2,false
VPI1966,1989-01,284.8,false
VPI1966,1989-02,286.2,false
VPI1966,1989-03,286.4,false
VPI1966,1989-04,287.3,false
VPI1966,1989-05,287.8,false
VPI1966,1989-06,288.6,false
VPI1966,1989-07,292.2,false
VPI1966,1989-08,293.3,false
VPI1966,1989-09,291.1,false
VPI1966,1989-10,291.1,false
VPI1966,1989-11,290.5,false
VPI1966,1989-12,291.1,false
VPI1966,1990,298.6,false
VPI1966,1990-01,293,false
VPI1966,1990-02,295.2,false
VPI1966,1990-03,295.4,false
VPI1966,1990-04,296.3,false
VPI1966,1990-05,296.5,false
VPI1966,1990-06,297.1,false
VPI1966,1990-07,300.9,false
VPI1966,1990-08,302.5,false
VPI1966,1990-09,302,false
VPI1966,1990-10,302.3,false
VPI1966,1990-11,301.2,false
VPI1966,1990-12,301.2,false
VPI1966,1991,308.6,false
VPI1966,1991-01,302.8,false
VPI1966,1991-02,305,false
VPI1966,1991-03,305.8,false
VPI1966,1991-04,306.1,false
VPI1966,1991-05,306.4,false
VPI1966,1991-06,308.3,false
VPI1966,1991-07,311.8,false
VPI1966,1991-08,313.7,false
VPI1966,1991-09,311.5,false
VPI1966,1991-10,310.4,false
VPI1966,1991-11,311,false
VPI1966,1991-12,310.4,false
VPI1966,1992,321,false
VPI1966,1992-01,314.5,false
VPI1966,1992-02,317.5,false
VPI1966,1992-03,318.4,false
VPI1966,1992-04,318.4,false
VPI1966,1992-05,319.4,false
VPI1966,1992-06,320.5,false
VPI1966,1992-07,324.4,false
VPI1966,1992-08,325.7,false
VPI1966,1992-09,323.5,false
VPI1966,1992-10,323,false
VPI1966,1992-11,323.3,false
VPI1966,1992-12,323.5,false
VPI1966,1993,332.7,false
VPI1966,1993-01,327.4,false
VPI1966,1993-02,329.3,false
VPI1966,1993-03,330.6,false
VPI1966,1993-04,330.6,false
VPI1966,1993-05,331.2,false
VPI1966,1993-06,332,false
VPI1966,1993-07,335.8,false
VPI1966,1993-08,336.9,false
VPI1966,1993-09,334.5,false
VPI1966,1993-10,334.2,false
VPI1966,1993-11,334.5,false
VPI1966,1993-12,335,false
VPI1966,1994,342.5,false
VPI1966,1994-01,337.5,false
VPI1966,1994-02,339.6,false
VPI1966,1994-03,340.7,false
VPI1966,1994-04,340.5,false
VPI1966,1994-05,341,false
VPI1966,1994-06,341.5,false
VPI1966,1994-07,345.4,false
VPI1966,1994-08,347.5,false
VPI1966,1994-09,344.8,false
VPI1966,1994-10,344,false
VPI1966,1994-11,343.7,false
VPI1966,1994-12,343.7,false
VPI1966,1995,350.2,false
VPI1966,1995-01,346.2,false
VPI1966,1995-02,347.8,false
VPI1966,1995-03,348.9,false
VPI1966,1995-04,349.2,false
VPI1966,1995-05,349.2,false
VPI1966,1995-06,350.5,false
VPI1966,1995-07,353,false
VPI1966,1995-08,354.9,false
VPI1966,1995-09,351.6,false
VPI1966,1995-10,350.5,false
VPI1966,1995-11,350.3,false
VPI1966,1995-12,350,false
VPI1966,1996,356.7,false
VPI1966,1996-01,351.9,false
VPI1966,1996-02,353.5,false
VPI1966,1996-03,355.2,false
VPI1966,1996-04,354.9,false
VPI1966,1996-05,354.4,false
VPI1966,1996-06,356.3,false
VPI1966,1996-07,359.6,false
VPI1966,1996-08,361.5,false
VPI1966,1996-09,358.7,false
VPI1966,1996-10,357.9,false
VPI1966,1996-11,358.2,false
VPI1966,1996-12,358.2,false
VPI1966,1997,361.4,false
VPI1966,1997-01,359.2,false
VPI1966,1997-02,360.6,false
VPI1966,1997-03,361,false
VPI1966,1997-04,361,false
VPI1966,1997-05,361.3,false
VPI1966,1997-06,361.3,false
VPI1966,1997-07,361.3,false
VPI1966,1997-08,361.3,false
VPI1966,1997-09,361.3,false
VPI1966,1997-10,362.4,false
VPI1966,1997-11,362.4,false
VPI1966,1997-12,363.1,false
VPI1966,1998,364.7,false
VPI1966,1998-01,363.5,false
VPI1966,1998-02,364.2,false
VPI1966,1998-03,364.5,false
VPI1966,1998-04,365.3,false
VPI1966,1998-05,364.9,false
VPI1966,1998-06,364.5,false
VPI1966,1998-07,364.5,false
VPI1966,1998-08,364.5,false
VPI1966,1998-09,364.5,false
VPI1966,1998-10,364.9,false
VPI1966,1998-11,365.3,false
VPI1966,1998-12,365.6,false
VPI1966,1999,366.8,false
VPI1966,1999-01,365.3,false
VPI1966,1999-02,366,false
VPI1966,1999-03,366,false
VPI1966,1999-04,366,false
VPI1966,1999-05,366.7,false
VPI1966,1999-06,366,false
VPI1966,1999-07,366,false
VPI1966,1999-08,366.3,false
VPI1966,1999-09,366.3,false
VPI1966,1999-10,367.8,false
VPI1966,1999-11,368.1,false
VPI1966,1999-12,370.6,false
VPI1966,2000,375.4,false
VPI1966,2000-01,369.5,false
VPI1966,2000-02,372,false
VPI1966,2000-03,373.1,false
VPI1966,2000-04,372.8,false
VPI1966,2000-05,373.1,false
VPI1966,2000-06,376,false
VPI1966,2000-07,376.3,false
VPI1966,2000-08,376.3,false
VPI1966,2000-09,377.4,false
VPI1966,2000-10,378.1,false
VPI1966,2000-11,379.5,false
VPI1966,2000-12,380.2,false
VPI1966,2001,385.4,false
VPI1966,2001-01,381,false
VPI1966,2001-02,382.2,false
VPI1966,2001-03,382.9,false
VPI1966,2001-04,384.8,false
VPI1966,2001-05,385.5,false
VPI1966,2001-06,386.3,false
VPI1966,2001-07,386.7,false
VPI1966,2001-08,385.9,false
VPI1966,2001-09,387,false
VPI1966,2001-10,387.4,false
VPI1966,2001-11,387,false
VPI1966,2001-12,387.8,false
VPI1966,2002,392.3,false
VPI1966,2002-01,388.9,false
VPI1966,2002-02,389.3,false
VPI1966,2002-03,390,false
VPI1966,2002-04,391.5,false
VPI1966,2002-05,392.7,false
VPI1966,2002-06,393,false
VPI1966,2002-07,392.7,false
VPI1966,2002-08,393.4,false
VPI1966,2002-09,393.4,false
VPI1966,2002-10,394.2,false
VPI1966,2002-11,393.8,false
VPI1966,2002-12,394.9,false
VPI1966,2003,397.7,false
VPI1966,2003-01,395.7,false
VPI1966,2003-02,396,false
VPI1966,2003-03,397.2,false
VPI1966,2003-04,396.8,false
VPI1966,2003-05,396.8,false
VPI1966,2003-06,397.5,false
VPI1966,2003-07,397.2,false
VPI1966,2003-08,398.3,false
VPI1966,2003-09,399.1,false
VPI1966,2003-10,398.3,false
VPI1966,2003-11,399.1,false
VPI1966,2003-12,399.8,false
VPI1966,2004,405.9,false
VPI1966,2004-01,400.2,false
VPI1966,2004-02,401.7,false
VPI1966,2004-03,403.2,false
VPI1966,2004-04,403.2,false
VPI1966,2004-05,405.1,false
VPI1966,2004-06,406.6,false
VPI1966,2004-07,405.8,false
VPI1966,2004-08,407.3,false
VPI1966,2004-09,407.3,false
VPI1966,2004-10,408.8,false
VPI1966,2004-11,409.6,false
VPI1966,2004-12,411.4,false
VPI1966,2005,415.2,false
VPI1966,2005-01,411.8,false
VPI1966,2005-02,412.9,false
VPI1966,2005-03,414.8,false
VPI1966,2005-04,413.7,false
VPI1966,2005-05,414.4,false
VPI1966,2005-06,415.9,false
VPI1966,2005-07,414.8,false
VPI1966,2005-08,415.6,false
VPI1966,2005-09,417.1,false
VPI1966,2005-10,417.1,false
VPI1966,2005-11,416.3,false
VPI1966,2005-12,417.8,false
VPI1966,2006,421.2,false
VPI1966,2006-01,416.9,false
VPI1966,2006-02,418.1,false
VPI1966,2006-03,419.4,false
VPI1966,2006-04,421.4,false
VPI1966,2006-05,421.8,false
VPI1966,2006-06,422.3,false
VPI1966,2006-07,421.8,false
VPI1966,2006-08,423.1,false
VPI1966,2006-09,422.3,false
VPI1966,2006-10,421.8,false
VPI1966,2006-11,422.3,false
VPI1966,2006-12,423.5,false
VPI1966,2007,430.4,false
VPI1966,2007-01,423.5,false
VPI1966,2007-02,424.7,false
VPI1966,2007-03,426.8,false
VPI1966,2007-04,428.9,false
VPI1966,2007-05,430.1,false
VPI1966,2007-06,430.6,false
VPI1966,2007-07,430.6,false
VPI1966,2007-08,430.1,false
VPI1966,2007-09,431,false
VPI1966,2007-10,433.5,false
VPI1966,2007-11,435.5,false
VPI1966,2007-12,438.9,false
VPI1966,2008,444.2,false
VPI1966,2008-01,437.2,false
VPI1966,2008-02,438.5,false
VPI1966,2008-03,441.8,false
VPI1966,2008-04,443,false
VPI1966,2008-05,445.9,false
VPI1966,2008-06,447.2,false
VPI1966,2008-07,446.8,false
VPI1966,2008-08,445.9,false
VPI1966,2008-09,447.2,false
VPI1966,2008-10,446.8,false
VPI1966,2008-11,445.5,false
VPI1966,2008-12,444.7,false
VPI1966,2009,446.5,false
VPI1966,2009-01,442.6,false
VPI1966,2009-02,444.3,false
VPI1966,2009-03,445.1,false
VPI1966,2009-04,445.9,false
VPI1966,2009-05,447.2,false
VPI1966,2009-06,446.8,false
VPI1966,2009-07,445.5,false
VPI1966,2009-08,447.2,false
VPI1966,2009-09,447.6,false
VPI1966,2009-10,447.6,false
VPI1966,2009-11,448.4,false
VPI1966,2009-12,449.2,false
VPI1966,2010,454.5,false
VPI1966,2010-01,448,false
VPI1966,2010-02,448.8,false
VPI1966,2010-03,453.8,false
VPI1966,2010-04,455.1,false
VPI1966,2010-05,455.5,false
VPI1966,2010-06,455.5,false
VPI1966,2010-07,453.8,false
VPI1966,2010-08,454.6,false
VPI1966,2010-09,455.9,false
VPI1966,2010-10,457.1,false
VPI1966,2010-11,456.7,false
VPI1966,2010-12,459.6,false
VPI1966,2011,469.3,false
VPI1966,2011-01,459,false
VPI1966,2011-02,462.2,false
VPI1966,2011-03,467.7,false
VPI1966,2011-04,470,false
VPI1966,2011-05,470.4,false
VPI1966,2011-06,470.4,false
VPI1966,2011-07,469.5,false
VPI1966,2011-08,470.4,false
VPI1966,2011-09,472.2,false
VPI1966,2011-10,472.7,false
VPI1966,2011-11,473.1,false
VPI1966,2011-12,474,false
VPI1966,2012,481,false
VPI1966,2012-01,471.8,false
VPI1966,2012-02,474,false
VPI1966,2012-03,479,false
VPI1966,2012-04,480.9,false
VPI1966,2012-05,480.4,false
VPI1966,2012-06,480.9,false
VPI1966,2012-07,479.5,false
VPI1966,2012-08,480.9,false
VPI1966,2012-09,485,false
VPI1966,2012-10,485.9,false
VPI1966,2012-11,486.3,false
VPI1966,2012-12,487.2,false
VPI1966,2013,490.6,false
VPI1966,2013-01,484.5,false
VPI1966,2013-02,485.9,false
VPI1966,2013-03,490,false
VPI1966,2013-04,490.4,false
VPI1966,2013-05,491.3,false
VPI1966,2013-06,491.3,false
VPI1966,2013-07,489,false
VPI1966,2013-08,489.5,false
VPI1966,2013-09,493.1,false
VPI1966,2013-10,492.7,false
VPI1966,2013-11,493.1,false
VPI1966,2013-12,496.3,false
VPI1966,2014,498.5,false
VPI1966,2014-01,492.2,false
VPI1966,2014-02,493.1,false
VPI1966,2014-03,498.1,false
VPI1966,2014-04,498.6,false
VPI1966,2014-05,500,false
VPI1966,2014-06,500.4,false
VPI1966,2014-07,497.7,false
VPI1966,2014-08,497.7,false
VPI1966,2014-09,500.9,false
VPI1966,2014-10,500.4,false
VPI1966,2014-11,501.3,false
VPI1966,2014-12,501.3,false
VPI1966,2015,503,false
VPI1966,2015-01,495.9,false
VPI1966,2015-02,497.2,false
VPI1966,2015-03,503.1,false
VPI1966,2015-04,503.6,false
VPI1966,2015-05,504.9,false
VPI1966,2015-06,505.4,false
VPI1966,2015-07,503.6,false
VPI1966,2015-08,502.7,false
VPI1966,2015-09,504.5,false
VPI1966,2015-10,504,false
VPI1966,2015-11,504.5,false
VPI1966,2015-12,506.3,false
VPI1966,2016,507.5,false
VPI1966,2016-01,502,false
VPI1966,2016-02,502.5,false
VPI1966,2016-03,506.5,false
VPI1966,2016-04,506.5,false
VPI1966,2016-05,508,false
VPI1966,2016-06,508.5,false
VPI1966,2016-07,506.5,false
VPI1966,2016-08,505.5,false
VPI1966,2016-09,509,false
VPI1966,2016-10,510.5,false
VPI1966,2016-11,511,false
VPI1966,2016-12,513.6,false
VPI1966,2017,518.1,false
VPI1966,2017-01,512.1,false
VPI1966,2017-02,513.6,false
VPI1966,2017-03,516.1,false
VPI1966,2017-04,517.1,false
VPI1966,2017-05,517.6,false
VPI1966,2017-06,518.1,false
VPI1966,2017-07,516.6,false
VPI1966,2017-08,516.1,false
VPI1966,2017-09,521.1,false
VPI1966,2017-10,521.6,false
VPI1966,2017-11,522.6,false
VPI1966,2017-12,524.6,false
VPI1966,2018,528.4,false
VPI1966,2018-01,521.1,false
VPI1966,2018-02,522.6,false
VPI1966,2018-03,525.6,false
VPI1966,2018-04,526.6,false
VPI1966,2018-05,527.6,false
VPI1966,2018-06,528.7,false
VPI1966,2018-07,527.6,false
VPI1966,2018-08,527.6,false
VPI1966,2018-09,531.7,false
VPI1966,2018-10,533.2,false
VPI1966,2018-11,534.2,false
VPI1966,2018-12,534.7,false
VPI1966,2019,536.5,false
VPI1966,2019-01,530.7,false
VPI1966,2019-02,530.7,false
VPI1966,2019-03,535.2,false
VPI1966,2019-04,535.7,false
VPI1966,2019-05,536.7,false
VPI1966,2019-06,537.2,false
VPI1966,2019-07,535.2,false
VPI1966,2019-08,535.7,false
VPI1966,2019-09,538.2,false
VPI1966,2019-10,539.2,false
VPI1966,2019-11,540.2,false
VPI1966,2019-12,543.7,false
VPI1966,2020,544.3,false
VPI1966,2020-01,541.2,false
VPI1966,2020-02,542.2,false
VPI1966,2020-03,543.7,false
VPI1966,2020-04,543.7,false
VPI1966,2020-05,540.2,false
VPI1966,2020-06,543.2,false
VPI1966,2020-07,544.2,false
VPI1966,2020-08,543.2,false
VPI1966,2020-09,545.8,false
VPI1966,2020-10,546.3,false
VPI1966,2020-11,547.3,false
VPI1966,2020-12,550.3,false
VPI1966,2021,559.4,false
VPI1966,2021-01,545.9,false
VPI1966,2021-02,548.7,false
VPI1966,2021-03,554.6,false
VPI1966,2021-04,554.1,false
VPI1966,2021-05,555.7,false
VPI1966,2021-06,558.5,false
VPI1966,2021-07,560.1,false
VPI1966,2021-08,560.6,false
VPI1966,2021-09,563.4,false
VPI1966,2021-10,566.6,false
VPI1966,2021-11,570.4,false
VPI1966,2021-12,573.7,false
VPI1966,2022,607.2,false
VPI1966,2022-01,573.1,false
VPI1966,2022-02,580.2,false
VPI1966,2022-03,592.2,false
VPI1966,2022-04,593.8,false
VPI1966,2022-05,598.7,false
VPI1966,2022-06,606.9,false
VPI1966,2022-07,612.9,false
VPI1966,2022-08,612.9,false
VPI1966,2022-09,623.2,false
VPI1966,2022-10,629.2,false
VPI1966,2022-11,630.8,false
VPI1966,2022-12,631.9,false
VPI1966,2023,654.6,false
VPI1966,2023-01,637.4,false
VPI1966,2023-02,643.4,false
VPI1966,2023-03,646.6,false
VPI1966,2023-04,651,false
VPI1966,2023-05,652.1,false
VPI1966,2023-06,655.3,false
VPI1966,2023-07,655.9,false
VPI1966,2023-08,658.1,false
VPI1966,2023-09,660.8,false
VPI1966,2023-10,663,false
VPI1966,2023-11,664.6,false
VPI1966,2023-12,667.3,false
VPI1966,2024,673.9,false
VPI1966,2024-01,666.8,false
VPI1966,2024-02,670,false
VPI1966,2024-03,673.3,false
VPI1966,2024-04,673.8,false
VPI1966,2024-05,673.8,false
VPI1966,2024-06,674.9,false
VPI1966,2024-07,674.9,false
VPI1966,2024-08,673.3,false
VPI1966,2024-09,672.8,false
VPI1966,2024-10,674.9,false
VPI1966,2024-11,677.1,false
VPI1966,2024-12,680.9,false
VPI1966,2025,697.6,false
VPI1966,2025-01,688,false
VPI1966,2025-02,691.8,false
VPI1966,2025-03,693.4,false
VPI1966,2025-04,694.5,false
VPI1966,2025-05,693.4,false
VPI1966,2025-06,697.2,false
VPI1966,2025-07,699.4,false
VPI1966,2025-08,701.1,false
VPI1966,2025-09,699.4,false
VPI1966,2025-10,702.1,false
VPI1966,2025-11,704.3,false
VPI1966,2025-12,706.5,false
VPI1966,2026-01,701.8,false
VPI1966,2026-02,707.4,false
VPI1966,2026-03,715.7,false
VPI1966,2026-04,718.5,false
VPI1966,2026-05,719.2,false
VPI1966,2026-06,719.2,false
VPI1966,2026-07,719.2,false
VPI1966,2026-08,723.4,true
VPI1976,1977,105.5,false
VPI1976,1977-01,103.5,false
VPI1976,1977-02,104.1,false
VPI1976,1977-03,104.4,false
VPI1976,1977-04,104.6,false
VPI1976,1977-05,104.9,false
VPI1976,1977-06,105.9,false
VPI1976,1977-07,106.3,false
VPI1976,1977-08,106.4,false
VPI1976,1977-09,106.2,false
VPI1976,1977-10,106.7,false
VPI1976,1977-11,106.2,false
VPI1976,1977-12,106.5,false
VPI1976,1978,109.3,false
VPI1976,1978-01,107.6,false
VPI1976,1978-02,108.1,false
VPI1976,1978-03,108.4,false
VPI1976,1978-04,108.7,false
VPI1976,1978-05,108.9,false
VPI1976,1978-06,109.3,false
VPI1976,1978-07,109.5,false
VPI1976,1978-08,110.2,false
VPI1976,1978-09,109.8,false
VPI1976,1978-10,110,false
VPI1976,1978-11,110.1,false
VPI1976,1978-12,110.4,false
VPI1976,1979,113.3,false
VPI1976,1979-01,111.4,false
VPI1976,1979-02,112,false
VPI1976,1979-03,112.2,false
VPI1976,1979-04,112.3,false
VPI1976,1979-05,112.3,false
VPI1976,1979-06,112.8,false
VPI1976,1979-07,113.8,false
VPI1976,1979-08,113.8,false
VPI1976,1979-09,113.9,false
VPI1976,1979-10,114.5,false
VPI1976,1979-11,115,false
VPI1976,1979-12,115.6,false
VPI1976,1980,120.5,false
VPI1976,1980-01,117,false
VPI1976,1980-02,118,false
VPI1976,1980-03,118.4,false
VPI1976,1980-04,118.9,false
VPI1976,1980-05,119.5,false
VPI1976,1980-06,120.8,false
VPI1976,1980-07,121.3,false
VPI1976,1980-08,122.1,false
VPI1976,1980-09,121.8,false
VPI1976,1980-10,122.2,false
VPI1976,1980-11,122.3,false
VPI1976,1980-12,123.3,false
VPI1976,1981,128.7,false
VPI1976,1981-01,125.2,false
VPI1976,1981-02,125.9,false
VPI1976,1981-03,126.9,false
VPI1976,1981-04,127.7,false
VPI1976,1981-05,127.6,false
VPI1976,1981-06,128.4,false
VPI1976,1981-07,129.2,false
VPI1976,1981-08,129.9,false
VPI1976,1981-09,130.2,false
VPI1976,1981-10,131,false
VPI1976,1981-11,130.8,false
VPI1976,1981-12,131.2,false
VPI1976,1982,135.7,false
VPI1976,1982-01,132.9,false
VPI1976,1982-02,133.4,false
VPI1976,1982-03,134.5,false
VPI1976,1982-04,135.1,false
VPI1976,1982-05,135.3,false
VPI1976,1982-06,136,false
VPI1976,1982-07,136.3,false
VPI1976,1982-08,136.5,false
VPI1976,1982-09,136.6,false
VPI1976,1982-10,137,false
VPI1976,1982-11,137,false
VPI1976,1982-12,137.4,false
VPI1976,1983,140.2,false
VPI1976,1983-01,138.3,false
VPI1976,1983-02,138.9,false
VPI1976,1983-03,139.2,false
VPI1976,1983-04,139.1,false
VPI1976,1983-05,138.7,false
VPI1976,1983-06,139.4,false
VPI1976,1983-07,140.1,false
VPI1976,1983-08,140.9,false
VPI1976,1983-09,141.1,false
VPI1976,1983-10,141.9,false
VPI1976,1983-11,142.1,false
VPI1976,1983-12,142.6,false
VPI1976,1984,148.1,false
VPI1976,1984-01,146.1,false
VPI1976,1984-02,146.8,false
VPI1976,1984-03,147.3,false
VPI1976,1984-04,147.3,false
VPI1976,1984-05,146.9,false
VPI1976,1984-06,148.2,false
VPI1976,1984-07,147.9,false
VPI1976,1984-08,149.3,false
VPI1976,1984-09,149,false
VPI1976,1984-10,149.3,false
VPI1976,1984-11,149.7,false
VPI1976,1984-12,149.8,false
VPI1976,1985,152.9,false
VPI1976,1985-01,151,false
VPI1976,1985-02,151.8,false
VPI1976,1985-03,152.6,false
VPI1976,1985-04,152.9,false
VPI1976,1985-05,152.5,false
VPI1976,1985-06,153,false
VPI1976,1985-07,153.1,false
VPI1976,1985-08,153.2,false
VPI1976,1985-09,153.3,false
VPI1976,1985-10,153.3,false
VPI1976,1985-11,153.6,false
VPI1976,1985-12,154,false
VPI1976,1986,155.5,false
VPI1976,1986-01,155.4,false
VPI1976,1986-02,155.6,false
VPI1976,1986-03,155.3,false
VPI1976,1986-04,155,false
VPI1976,1986-05,154.8,false
VPI1976,1986-06,155.3,false
VPI1976,1986-07,155.4,false
VPI1976,1986-08,155.8,false
VPI1976,1986-09,155.9,false
VPI1976,1986-10,155.8,false
VPI1976,1986-11,155.5,false
VPI1976,1986-12,155.7,false
VPI1976,1987,157.7,false
VPI1976,1987-01,156,false
VPI1976,1987-02,155.8,false
VPI1976,1987-03,156.1,false
VPI1976,1987-04,156.4,false
VPI1976,1987-05,156.9,false
VPI1976,1987-06,158.3,false
VPI1976,1987-07,159.1,false
VPI1976,1987-08,159.9,false
VPI1976,1987-09,158.9,false
VPI1976,1987-10,158.6,false
VPI1976,1987-11,158.1,false
VPI1976,1987-12,158.3,false
VPI1976,1988,160.7,false
VPI1976,1988-01,158.9,false
VPI1976,1988-02,159.2,false
VPI1976,1988-03,159.7,false
VPI1976,1988-04,159.9,false
VPI1976,1988-05,159.5,false
VPI1976,1988-06,160.5,false
VPI1976,1988-07,162.3,false
VPI1976,1988-08,162.8,false
VPI1976,1988-09,161.9,false
VPI1976,1988-10,161.4,false
VPI1976,1988-11,161.3,false
VPI1976,1988-12,161.3,false
VPI1976,1989,164.8,false
VPI1976,1989-01,162.3,false
VPI1976,1989-02,163.1,false
VPI1976,1989-03,163.3,false
VPI1976,1989-04,163.7,false
VPI1976,1989-05,164.1,false
VPI1976,1989-06,164.5,false
VPI1976,1989-07,166.5,false
VPI1976,1989-08,167.2,false
VPI1976,1989-09,165.9,false
VPI1976,1989-10,165.9,false
VPI1976,1989-11,165.6,false
VPI1976,1989-12,165.9,false
VPI1976,1990,170.2,false
VPI1976,1990-01,167,false
VPI1976,1990-02,168.3,false
VPI1976,1990-03,168.4,false
VPI1976,1990-04,168.9,false
VPI1976,1990-05,169,false
VPI1976,1990-06,169.3,false
VPI1976,1990-07,171.5,false
VPI1976,1990-08,172.4,false
VPI1976,1990-09,172.1,false
VPI1976,1990-10,172.3,false
VPI1976,1990-11,171.7,false
VPI1976,1990-12,171.7,false
VPI1976,1991,175.9,false
VPI1976,1991-01,172.6,false
VPI1976,1991-02,173.8,false
VPI1976,1991-03,174.3,false
VPI1976,1991-04,174.5,false
VPI1976,1991-05,174.6,false
VPI1976,1991-06,175.7,false
VPI1976,1991-07,177.7,false
VPI1976,1991-08,178.8,false
VPI1976,1991-09,177.6,false
VPI1976,1991-10,177,false
VPI1976,1991-11,177.3,false
VPI1976,1991-12,177,false
VPI1976,1992,183,false
VPI1976,1992-01,179.3,false
VPI1976,1992-02,181,false
VPI1976,1992-03,181.5,false
VPI1976,1992-04,181.5,false
VPI1976,1992-05,182.1,false
VPI1976,1992-06,182.7,false
VPI1976,1992-07,184.9,false
VPI1976,1992-08,185.7,false
VPI1976,1992-09,184.4,false
VPI1976,1992-10,184.1,false
VPI1976,1992-11,184.3,false
VPI1976,1992-12,184.4,false
VPI1976,1993,189.6,false
VPI1976,1993-01,186.6,false
VPI1976,1993-02,187.7,false
VPI1976,1993-03,188.5,false
VPI1976,1993-04,188.5,false
VPI1976,1993-05,188.8,false
VPI1976,1993-06,189.2,false
VPI1976,1993-07,191.4,false
VPI1976,1993-08,192,false
VPI1976,1993-09,190.6,false
VPI1976,1993-10,190.5,false
VPI1976,1993-11,190.6,false
VPI1976,1993-12,191,false
VPI1976,1994,195.2,false
VPI1976,1994-01,192.4,false
VPI1976,1994-02,193.6,false
VPI1976,1994-03,194.2,false
VPI1976,1994-04,194.1,false
VPI1976,1994-05,194.4,false
VPI1976,1994-06,194.7,false
VPI1976,1994-07,196.9,false
VPI1976,1994-08,198.1,false
VPI1976,1994-09,196.6,false
VPI1976,1994-10,196.1,false
VPI1976,1994-11,195.9,false
VPI1976,1994-12,195.9,false
VPI1976,1995,199.6,false
VPI1976,1995-01,197.3,false
VPI1976,1995-02,198.3,false
VPI1976,1995-03,198.9,false
VPI1976,1995-04,199,false
VPI1976,1995-05,199,false
VPI1976,1995-06,199.8,false
VPI1976,1995-07,201.2,false
VPI1976,1995-08,202.3,false
VPI1976,1995-09,200.4,false
VPI1976,1995-10,199.8,false
VPI1976,1995-11,199.7,false
VPI1976,1995-12,199.5,false
VPI1976,1996,203.3,false
VPI1976,1996-01,200.6,false
VPI1976,1996-02,201.5,false
VPI1976,1996-03,202.5,false
VPI1976,1996-04,202.3,false
VPI1976,1996-05,202,false
VPI1976,1996-06,203.1,false
VPI1976,1996-07,204.9,false
VPI1976,1996-08,206,false
VPI1976,1996-09,204.5,false
VPI1976,1996-10,204,false
VPI1976,1996-11,204.2,false
VPI1976,1996-12,204.2,false
VPI1976,1997,205.9,false
VPI1976,1997-01,204.7,false
VPI1976,1997-02,205.5,false
VPI1976,1997-03,205.7,false
VPI1976,1997-04,205.7,false
VPI1976,1997-05,205.9,false
VPI1976,1997-06,205.9,false
VPI1976,1997-07,205.9,false
VPI1976,1997-08,205.9,false
VPI1976,1997-09,205.9,false
VPI1976,1997-10,206.6,false
VPI1976,1997-11,206.6,false
VPI1976,1997-12,207,false
VPI1976,1998,207.9,false
VPI1976,1998-01,207.2,false
VPI1976,1998-02,207.6,false
VPI1976,1998-03,207.8,false
VPI1976,1998-04,208.2,false
VPI1976,1998-05,208,false
VPI1976,1998-06,207.8,false
VPI1976,1998-07,207.8,false
VPI1976,1998-08,207.8,false
VPI1976,1998-09,207.8,false
VPI1976,1998-10,208,false
VPI1976,1998-11,208.2,false
VPI1976,1998-12,208.4,false
VPI1976,1999,209,false
VPI1976,1999-01,208.2,false
VPI1976,1999-02,208.6,false
VPI1976,1999-03,208.6,false
VPI1976,1999-04,208.6,false
VPI1976,1999-05,209,false
VPI1976,1999-06,208.6,false
VPI1976,1999-07,208.6,false
VPI1976,1999-08,208.8,false
VPI1976,1999-09,208.8,false
VPI1976,1999-10,209.6,false
VPI1976,1999-11,209.8,false
VPI1976,1999-12,211.2,false
VPI1976,2000,213.9,false
VPI1976,2000-01,210.6,false
VPI1976,2000-02,212,false
VPI1976,2000-03,212.7,false
VPI1976,2000-04,212.4,false
VPI1976,2000-05,212.7,false
VPI1976,2000-06,214.3,false
VPI1976,2000-07,214.5,false
VPI1976,2000-08,214.5,false
VPI1976,2000-09,215.1,false
VPI1976,2000-10,215.5,false
VPI1976,2000-11,216.3,false
VPI1976,2000-12,216.7,false
VPI1976,2001,219.6,false
VPI1976,2001-01,217.1,false
VPI1976,2001-02,217.8,false
VPI1976,2001-03,218.2,false
VPI1976,2001-04,219.2,false
VPI1976,2001-05,219.7,false
VPI1976,2001-06,220.1,false
VPI1976,2001-07,220.3,false
VPI1976,2001-08,219.9,false
VPI1976,2001-09,220.5,false
VPI1976,2001-10,220.7,false
VPI1976,2001-11,220.5,false
VPI1976,2001-12,221,false
VPI1976,2002,223.5,false
VPI1976,2002-01,221.6,false
VPI1976,2002-02,221.8,false
VPI1976,2002-03,222.2,false
VPI1976,2002-04,223.1,false
VPI1976,2002-05,223.7,false
VPI1976,2002-06,224,false
VPI1976,2002-07,223.7,false
VPI1976,2002-08,224.2,false
VPI1976,2002-09,224.2,false
VPI1976,2002-10,224.6,false
VPI1976,2002-11,224.4,false
VPI1976,2002-12,225,false
VPI1976,2003,226.6,false
VPI1976,2003-01,225.5,false
VPI1976,2003-02,225.7,false
VPI1976,2003-03,226.3,false
VPI1976,2003-04,226.1,false
VPI1976,2003-05,226.1,false
VPI1976,2003-06,226.5,false
VPI1976,2003-07,226.3,false
VPI1976,2003-08,226.9,false
VPI1976,2003-09,227.4,false
VPI1976,2003-10,226.9,false
VPI1976,2003-11,227.4,false
VPI1976,2003-12,227.8,false
VPI1976,2004,231.2,false
VPI1976,2004-01,228,false
VPI1976,2004-02,228.9,false
VPI1976,2004-03,229.7,false
VPI1976,2004-04,229.7,false
VPI1976,2004-05,230.8,false
VPI1976,2004-06,231.7,false
VPI1976,2004-07,231.2,false
VPI1976,2004-08,232.1,false
VPI1976,2004-09,232.1,false
VPI1976,2004-10,232.9,false
VPI1976,2004-11,233.4,false
VPI1976,2004-12,234.4,false
VPI1976,2005,236.6,false
VPI1976,2005-01,234.6,false
VPI1976,2005-02,235.3,false
VPI1976,2005-03,236.4,false
VPI1976,2005-04,235.7,false
VPI1976,2005-05,236.1,false
VPI1976,2005-06,237,false
VPI1976,2005-07,236.4,false
VPI1976,2005-08,236.8,false
VPI1976,2005-09,237.6,false
VPI1976,2005-10,237.6,false
VPI1976,2005-11,237.2,false
VPI1976,2005-12,238.1,false
VPI1976,2006,240,false
VPI1976,2006-01,237.5,false
VPI1976,2006-02,238.3,false
VPI1976,2006-03,239,false
VPI1976,2006-04,240.1,false
VPI1976,2006-05,240.4,false
VPI1976,2006-06,240.6,false
VPI1976,2006-07,240.4,false
VPI1976,2006-08,241.1,false
VPI1976,2006-09,240.6,false
VPI1976,2006-10,240.4,false
VPI1976,2006-11,240.6,false
VPI1976,2006-12,241.3,false
VPI1976,2007,245.2,false
VPI1976,2007-01,241.3,false
VPI1976,2007-02,242,false
VPI1976,2007-03,243.2,false
VPI1976,2007-04,244.4,false
VPI1976,2007-05,245.1,false
VPI1976,2007-06,245.4,false
VPI1976,2007-07,245.4,false
VPI1976,2007-08,245.1,false
VPI1976,2007-09,245.6,false
VPI1976,2007-10,247,false
VPI1976,2007-11,248.2,false
VPI1976,2007-12,250.1,false
VPI1976,2008,253.1,false
VPI1976,2008-01,249.1,false
VPI1976,2008-02,249.8,false
VPI1976,2008-03,251.7,false
VPI1976,2008-04,252.5,false
VPI1976,2008-05,254.1,false
VPI1976,2008-06,254.8,false
VPI1976,2008-07,254.6,false
VPI1976,2008-08,254.1,false
VPI1976,2008-09,254.8,false
VPI1976,2008-10,254.6,false
VPI1976,2008-11,253.9,false
VPI1976,2008-12,253.4,false
VPI1976,2009,254.4,false
VPI1976,2009-01,252.2,false
VPI1976,2009-02,253.2,false
VPI1976,2009-03,253.6,false
VPI1976,2009-04,254.1,false
VPI1976,2009-05,254.8,false
VPI1976,2009-06,254.6,false
VPI1976,2009-07,253.9,false
VPI1976,2009-08,254.8,false
VPI1976,2009-09,255.1,false
VPI1976,2009-10,255.1,false
VPI1976,2009-11,255.5,false
VPI1976,2009-12,256,false
VPI1976,2010,259,false
VPI1976,2010-01,255.3,false
VPI1976,2010-02,255.8,false
VPI1976,2010-03,258.6,false
VPI1976,2010-04,259.3,false
VPI1976,2010-05,259.6,false
VPI1976,2010-06,259.6,false
VPI1976,2010-07,258.6,false
VPI1976,2010-08,259.1,false
VPI1976,2010-09,259.8,false
VPI1976,2010-10,260.5,false
VPI1976,2010-11,260.3,false
VPI1976,2010-12,261.9,false
VPI1976,2011,267.4,false
VPI1976,2011-01,261.6,false
VPI1976,2011-02,263.4,false
VPI1976,2011-03,266.5,false
VPI1976,2011-04,267.8,false
VPI1976,2011-05,268.1,false
VPI1976,2011-06,268.1,false
VPI1976,2011-07,267.5,false
VPI1976,2011-08,268.1,false
VPI1976,2011-09,269.1,false
VPI1976,2011-10,269.4,false
VPI1976,2011-11,269.6,false
VPI1976,2011-12,270.1,false
VPI1976,2012,274.1,false
VPI1976,2012-01,268.8,false
VPI1976,2012-02,270.1,false
VPI1976,2012-03,273,false
VPI1976,2012-04,274,false
VPI1976,2012-05,273.8,false
VPI1976,2012-06,274,false
VPI1976,2012-07,273.2,false
VPI1976,2012-08,274,false
VPI1976,2012-09,276.4,false
VPI1976,2012-10,276.9,false
VPI1976,2012-11,277.1,false
VPI1976,2012-12,277.6,false
VPI1976,2013,279.6,false
VPI1976,2013-01,276.1,false
VPI1976,2013-02,276.9,false
VPI1976,2013-03,279.2,false
VPI1976,2013-04,279.5,false
VPI1976,2013-05,280,false
VPI1976,2013-06,280,false
VPI1976,2013-07,278.7,false
VPI1976,2013-08,278.9,false
VPI1976,2013-09,281,false
VPI1976,2013-10,280.8,false
VPI1976,2013-11,281,false
VPI1976,2013-12,282.8,false
VPI1976,2014,284.1,false
VPI1976,2014-01,280.5,false
VPI1976,2014-02,281,false
VPI1976,2014-03,283.9,false
VPI1976,2014-04,284.1,false
VPI1976,2014-05,284.9,false
VPI1976,2014-06,285.2,false
VPI1976,2014-07,283.6,false
VPI1976,2014-08,283.6,false
VPI1976,2014-09,285.4,false
VPI1976,2014-10,285.2,false
VPI1976,2014-11,285.7,false
VPI1976,2014-12,285.7,false
VPI1976,2015,286.6,false
VPI1976,2015-01,282.6,false
VPI1976,2015-02,283.3,false
VPI1976,2015-03,286.7,false
VPI1976,2015-04,287,false
VPI1976,2015-05,287.7,false
VPI1976,2015-06,288,false
VPI1976,2015-07,287,false
VPI1976,2015-08,286.5,false
VPI1976,2015-09,287.5,false
VPI1976,2015-10,287.2,false
VPI1976,2015-11,287.5,false
VPI1976,2015-12,288.5,false
VPI1976,2016,289.2,false
VPI1976,2016-01,286,false
VPI1976,2016-02,286.3,false
VPI1976,2016-03,288.6,false
VPI1976,2016-04,288.6,false
VPI1976,2016-05,289.5,false
VPI1976,2016-06,289.8,false
VPI1976,2016-07,288.6,false
VPI1976,2016-08,288,false
VPI1976,2016-09,290,false
VPI1976,2016-10,290.9,false
VPI1976,2016-11,291.2,false
VPI1976,2016-12,292.6,false
VPI1976,2017,295.2,false
VPI1976,2017-01,291.8,false
VPI1976,2017-02,292.6,false
VPI1976,2017-03,294.1,false
VPI1976,2017-04,294.6,false
VPI1976,2017-05,294.9,false
VPI1976,2017-06,295.2,false
VPI1976,2017-07,294.3,false
VPI1976,2017-08,294.1,false
VPI1976,2017-09,296.9,false
VPI1976,2017-10,297.2,false
VPI1976,2017-11,297.8,false
VPI1976,2017-12,298.9,false
VPI1976,2018,301.1,false
VPI1976,2018-01,296.9,false
VPI1976,2018-02,297.8,false
VPI1976,2018-03,299.5,false
VPI1976,2018-04,300.1,false
VPI1976,2018-05,300.6,false
VPI1976,2018-06,301.2,false
VPI1976,2018-07,300.6,false
VPI1976,2018-08,300.6,false
VPI1976,2018-09,302.9,false
VPI1976,2018-10,303.8,false
VPI1976,2018-11,304.4,false
VPI1976,2018-12,304.7,false
VPI1976,2019,305.7,false
VPI1976,2019-01,302.4,false
VPI1976,2019-02,302.4,false
VPI1976,2019-03,304.9,false
VPI1976,2019-04,305.2,false
VPI1976,2019-05,305.8,false
VPI1976,2019-06,306.1,false
VPI1976,2019-07,304.9,false
VPI1976,2019-08,305.2,false
VPI1976,2019-09,306.7,false
VPI1976,2019-10,307.2,false
VPI1976,2019-11,307.8,false
VPI1976,2019-12,309.8,false
VPI1976,2020,310.1,false
VPI1976,2020-01,308.4,false
VPI1976,2020-02,309,false
VPI1976,2020-03,309.8,false
VPI1976,2020-04,309.8,false
VPI1976,2020-05,307.8,false
VPI1976,2020-06,309.5,false
VPI1976,2020-07,310.1,false
VPI1976,2020-08,309.5,false
VPI1976,2020-09,311,false
VPI1976,2020-10,311.2,false
VPI1976,2020-11,311.8,false
VPI1976,2020-12,313.5,false
VPI1976,2021,318.7,false
VPI1976,2021-01,311,false
VPI1976,2021-02,312.6,false
VPI1976,2021-03,316,false
VPI1976,2021-04,315.7,false
VPI1976,2021-05,316.6,false
VPI1976,2021-06,318.2,false
VPI1976,2021-07,319.1,false
VPI1976,2021-08,319.4,false
VPI1976,2021-09,321,false
VPI1976,2021-10,322.8,false
VPI1976,2021-11,325,false
VPI1976,2021-12,326.8,false
VPI1976,2022,345.9,false
VPI1976,2022-01,326.5,false
VPI1976,2022-02,330.6,false
VPI1976,2022-03,337.4,false
VPI1976,2022-04,338.3,false
VPI1976,2022-05,341.1,false
VPI1976,2022-06,345.8,false
VPI1976,2022-07,349.2,false
VPI1976,2022-08,349.2,false
VPI1976,2022-09,355.1,false
VPI1976,2022-10,358.5,false
VPI1976,2022-11,359.4,false
VPI1976,2022-12,360,false
VPI1976,2023,373,false
VPI1976,2023-01,363.1,false
VPI1976,2023-02,366.5,false
VPI1976,2023-03,368.4,false
VPI1976,2023-04,370.9,false
VPI1976,2023-05,371.5,false
VPI1976,2023-06,373.4,false
VPI1976,2023-07,373.7,false
VPI1976,2023-08,374.9,false
VPI1976,2023-09,376.5,false
VPI1976,2023-10,377.7,false
VPI1976,2023-11,378.6,false
VPI1976,2023-12,380.2,false
VPI1976,2024,383.9,false
VPI1976,2024-01,379.9,false
VPI1976,2024-02,381.7,false
VPI1976,2024-03,383.6,false
VPI1976,2024-04,383.9,false
VPI1976,2024-05,383.9,false
VPI1976,2024-06,384.5,false
VPI1976,2024-07,384.5,false
VPI1976,2024-08,383.6,false
VPI1976,2024-09,383.3,false
VPI1976,2024-10,384.5,false
VPI1976,2024-11,385.8,false
VPI1976,2024-12,387.9,false
VPI1976,2025,397.5,false
VPI1976,2025-01,392,false
VPI1976,2025-02,394.1,false
VPI1976,2025-03,395.1,false
VPI1976,2025-04,395.7,false
VPI1976,2025-05,395.1,false
VPI1976,2025-06,397.2,false
VPI1976,2025-07,398.5,false
VPI1976,2025-08,399.4,false
VPI1976,2025-09,398.5,false
VPI1976,2025-10,400,false
VPI1976,2025-11,401.3,false
VPI1976,2025-12,402.5,false
VPI1976,2026-01,399.9,false
VPI1976,2026-02,403.1,false
VPI1976,2026-03,407.8,false
VPI1976,2026-04,409.4,false
VPI1976,2026-05,409.8,false
VPI1976,2026-06,409.8,false
VPI1976,2026-07,409.8,false
VPI1976,2026-08,412.2,true
VPI1986,1987,101.4,false
VPI1986,1987-01,100.3,false
VPI1986,1987-02,100.2,false
VPI1986,1987-03,100.4,false
VPI1986,1987-04,100.6,false
VPI1986,1987-05,100.9,false
VPI1986,1987-06,101.8,false
VPI1986,1987-07,102.3,false
VPI1986,1987-08,102.8,false
VPI1986,1987-09,102.2,false
VPI1986,1987-10,102,false
VPI1986,1987-11,101.7,false
VPI1986,1987-12,101.8,false
VPI1986,1988,103.4,false
VPI1986,1988-01,102.2,false
VPI1986,1988-02,102.4,false
VPI1986,1988-03,102.7,false
VPI1986,1988-04,102.8,false
VPI1986,1988-05,102.6,false
VPI1986,1988-06,103.2,false
VPI1986,1988-07,104.4,false
VPI1986,1988-08,104.7,false
VPI1986,1988-09,104.1,false
VPI1986,1988-10,103.8,false
VPI1986,1988-11,103.7,false
VPI1986,1988-12,103.7,false
VPI1986,1989,106,false
VPI1986,1989-01,104.4,false
VPI1986,1989-02,104.9,false
VPI1986,1989-03,105,false
VPI1986,1989-04,105.3,false
VPI1986,1989-05,105.5,false
VPI1986,1989-06,105.8,false
VPI1986,1989-07,107.1,false
VPI1986,1989-08,107.5,false
VPI1986,1989-09,106.7,false
VPI1986,1989-10,106.7,false
VPI1986,1989-11,106.5,false
VPI1986,1989-12,106.7,false
VPI1986,1990,109.5,false
VPI1986,1990-01,107.4,false
VPI1986,1990-02,108.2,false
VPI1986,1990-03,108.3,false
VPI1986,1990-04,108.6,false
VPI1986,1990-05,108.7,false
VPI1986,1990-06,108.9,false
VPI1986,1990-07,110.3,false
VPI1986,1990-08,110.9,false
VPI1986,1990-09,110.7,false
VPI1986,1990-10,110.8,false
VPI1986,1990-11,110.4,false
VPI1986,1990-12,110.4,false
VPI1986,1991,113.1,false
VPI1986,1991-01,111,false
VPI1986,1991-02,111.8,false
VPI1986,1991-03,112.1,false
VPI1986,1991-04,112.2,false
VPI1986,1991-05,112.3,false
VPI1986,1991-06,113,false
VPI1986,1991-07,114.3,false
VPI1986,1991-08,115,false
VPI1986,1991-09,114.2,false
VPI1986,1991-10,113.8,false
VPI1986,1991-11,114,false
VPI1986,1991-12,113.8,false
VPI1986,1992,117.7,false
VPI1986,1992-01,115.3,false
VPI1986,1992-02,116.4,false
VPI1986,1992-03,116.7,false
VPI1986,1992-04,116.7,false
VPI1986,1992-05,117.1,false
VPI1986,1992-06,117.5,false
VPI1986,1992-07,118.9,false
VPI1986,1992-08,119.4,false
VPI1986,1992-09,118.6,false
VPI1986,1992-10,118.4,false
VPI1986,1992-11,118.5,false
VPI1986,1992-12,118.6,false
VPI1986,1993,121.9,false
VPI1986,1993-01,120,false
VPI1986,1993-02,120.7,false
VPI1986,1993-03,121.2,false
VPI1986,1993-04,121.2,false
VPI1986,1993-05,121.4,false
VPI1986,1993-06,121.7,false
VPI1986,1993-07,123.1,false
VPI1986,1993-08,123.5,false
VPI1986,1993-09,122.6,false
VPI1986,1993-10,122.5,false
VPI1986,1993-11,122.6,false
VPI1986,1993-12,122.8,false
VPI1986,1994,125.6,false
VPI1986,1994-01,123.7,false
VPI1986,1994-02,124.5,false
VPI1986,1994-03,124.9,false
VPI1986,1994-04,124.8,false
VPI1986,1994-05,125,false
VPI1986,1994-06,125.2,false
VPI1986,1994-07,126.6,false
VPI1986,1994-08,127.4,false
VPI1986,1994-09,126.4,false
VPI1986,1994-10,126.1,false
VPI1986,1994-11,126,false
VPI1986,1994-12,126,false
VPI1986,1995,128.4,false
VPI1986,1995-01,126.9,false
VPI1986,1995-02,127.5,false
VPI1986,1995-03,127.9,false
VPI1986,1995-04,128,false
VPI1986,1995-05,128,false
VPI1986,1995-06,128.5,false
VPI1986,1995-07,129.4,false
VPI1986,1995-08,130.1,false
VPI1986,1995-09,128.9,false
VPI1986,1995-10,128.5,false
VPI1986,1995-11,128.4,false
VPI1986,1995-12,128.3,false
VPI1986,1996,130.8,false
VPI1986,1996-01,129,false
VPI1986,1996-02,129.6,false
VPI1986,1996-03,130.2,false
VPI1986,1996-04,130.1,false
VPI1986,1996-05,129.9,false
VPI1986,1996-06,130.6,false
VPI1986,1996-07,131.8,false
VPI1986,1996-08,132.5,false
VPI1986,1996-09,131.5,false
VPI1986,1996-10,131.2,false
VPI1986,1996-11,131.3,false
VPI1986,1996-12,131.3,false
VPI1986,1997,132.5,false
VPI1986,1997-01,131.7,false
VPI1986,1997-02,132.2,false
VPI1986,1997-03,132.4,false
VPI1986,1997-04,132.4,false
VPI1986,1997-05,132.5,false
VPI1986,1997-06,132.5,false
VPI1986,1997-07,132.5,false
VPI1986,1997-08,132.5,false
VPI1986,1997-09,132.5,false
VPI1986,1997-10,132.9,false
VPI1986,1997-11,132.9,false
VPI1986,1997-12,133.2,false
VPI1986,1998,133.7,false
VPI1986,1998-01,133.3,false
VPI1986,1998-02,133.5,false
VPI1986,1998-03,133.7,false
VPI1986,1998-04,133.9,false
VPI1986,1998-05,133.8,false
VPI1986,1998-06,133.7,false
VPI1986,1998-07,133.7,false
VPI1986,1998-08,133.7,false
VPI1986,1998-09,133.7,false
VPI1986,1998-10,133.8,false
VPI1986,1998-11,133.9,false
VPI1986,1998-12,134.1,false
VPI1986,1999,134.5,false
VPI1986,1999-01,133.9,false
VPI1986,1999-02,134.2,false
VPI1986,1999-03,134.2,false
VPI1986,1999-04,134.2,false
VPI1986,1999-05,134.5,false
VPI1986,1999-06,134.2,false
VPI1986,1999-07,134.2,false
VPI1986,1999-08,134.3,false
VPI1986,1999-09,134.3,false
VPI1986,1999-10,134.9,false
VPI1986,1999-11,135,false
VPI1986,1999-12,135.9,false
VPI1986,2000,137.6,false
VPI1986,2000-01,135.5,false
VPI1986,2000-02,136.4,false
VPI1986,2000-03,136.8,false
VPI1986,2000-04,136.7,false
VPI1986,2000-05,136.8,false
VPI1986,2000-06,137.9,false
VPI1986,2000-07,138,false
VPI1986,2000-08,138,false
VPI1986,2000-09,138.4,false
VPI1986,2000-10,138.6,false
VPI1986,2000-11,139.2,false
VPI1986,2000-12,139.4,false
VPI1986,2001,141.3,false
VPI1986,2001-01,139.7,false
VPI1986,2001-02,140.1,false
VPI1986,2001-03,140.4,false
VPI1986,2001-04,141,false
VPI1986,2001-05,141.3,false
VPI1986,2001-06,141.6,false
VPI1986,2001-07,141.7,false
VPI1986,2001-08,141.5,false
VPI1986,2001-09,141.9,false
VPI1986,2001-10,142,false
VPI1986,2001-11,141.9,false
VPI1986,2001-12,142.1,false
VPI1986,2002,143.8,false
VPI1986,2002-01,142.6,false
VPI1986,2002-02,142.7,false
VPI1986,2002-03,143,false
VPI1986,2002-04,143.5,false
VPI1986,2002-05,143.9,false
VPI1986,2002-06,144.1,false
VPI1986,2002-07,143.9,false
VPI1986,2002-08,144.2,false
VPI1986,2002-09,144.2,false
VPI1986,2002-10,144.5,false
VPI1986,2002-11,144.3,false
VPI1986,2002-12,144.8,false
VPI1986,2003,145.8,false
VPI1986,2003-01,145,false
VPI1986,2003-02,145.2,false
VPI1986,2003-03,145.6,false
VPI1986,2003-04,145.4,false
VPI1986,2003-05,145.4,false
VPI1986,2003-06,145.7,false
VPI1986,2003-07,145.6,false
VPI1986,2003-08,146,false
VPI1986,2003-09,146.3,false
VPI1986,2003-10,146,false
VPI1986,2003-11,146.3,false
VPI1986,2003-12,146.5,false
VPI1986,2004,148.8,false
VPI1986,2004-01,146.7,false
VPI1986,2004-02,147.2,false
VPI1986,2004-03,147.8,false
VPI1986,2004-04,147.8,false
VPI1986,2004-05,148.5,false
VPI1986,2004-06,149,false
VPI1986,2004-07,148.7,false
VPI1986,2004-08,149.3,false
VPI1986,2004-09,149.3,false
VPI1986,2004-10,149.8,false
VPI1986,2004-11,150.1,false
VPI1986,2004-12,150.8,false
VPI1986,2005,152.2,false
VPI1986,2005-01,150.9,false
VPI1986,2005-02,151.4,false
VPI1986,2005-03,152,false
VPI1986,2005-04,151.6,false
VPI1986,2005-05,151.9,false
VPI1986,2005-06,152.5,false
VPI1986,2005-07,152,false
VPI1986,2005-08,152.3,false
VPI1986,2005-09,152.9,false
VPI1986,2005-10,152.9,false
VPI1986,2005-11,152.6,false
VPI1986,2005-12,153.1,false
VPI1986,2006,154.4,false
VPI1986,2006-01,152.8,false
VPI1986,2006-02,153.3,false
VPI1986,2006-03,153.7,false
VPI1986,2006-04,154.5,false
VPI1986,2006-05,154.6,false
VPI1986,2006-06,154.8,false
VPI1986,2006-07,154.6,false
VPI1986,2006-08,155.1,false
VPI1986,2006-09,154.8,false
VPI1986,2006-10,154.6,false
VPI1986,2006-11,154.8,false
VPI1986,2006-12,155.2,false
VPI1986,2007,157.8,false
VPI1986,2007-01,155.2,false
VPI1986,2007-02,155.7,false
VPI1986,2007-03,156.5,false
VPI1986,2007-04,157.2,false
VPI1986,2007-05,157.7,false
VPI1986,2007-06,157.8,false
VPI1986,2007-07,157.8,false
VPI1986,2007-08,157.7,false
VPI1986,2007-09,158,false
VPI1986,2007-10,158.9,false
VPI1986,2007-11,159.7,false
VPI1986,2007-12,160.9,false
VPI1986,2008,162.8,false
VPI1986,2008-01,160.3,false
VPI1986,2008-02,160.7,false
VPI1986,2008-03,161.9,false
VPI1986,2008-04,162.4,false
VPI1986,2008-05,163.5,false
VPI1986,2008-06,163.9,false
VPI1986,2008-07,163.8,false
VPI1986,2008-08,163.5,false
VPI1986,2008-09,163.9,false
VPI1986,2008-10,163.8,false
VPI1986,2008-11,163.3,false
VPI1986,2008-12,163,false
VPI1986,2009,163.7,false
VPI1986,2009-01,162.2,false
VPI1986,2009-02,162.9,false
VPI1986,2009-03,163.2,false
VPI1986,2009-04,163.5,false
VPI1986,2009-05,163.9,false
VPI1986,2009-06,163.8,false
VPI1986,2009-07,163.3,false
VPI1986,2009-08,163.9,false
VPI1986,2009-09,164.1,false
VPI1986,2009-10,164.1,false
VPI1986,2009-11,164.4,false
VPI1986,2009-12,164.7,false
VPI1986,2010,166.6,false
VPI1986,2010-01,164.2,false
VPI1986,2010-02,164.5,false
VPI1986,2010-03,166.4,false
VPI1986,2010-04,166.8,false
VPI1986,2010-05,167,false
VPI1986,2010-06,167,false
VPI1986,2010-07,166.4,false
VPI1986,2010-08,166.7,false
VPI1986,2010-09,167.1,false
VPI1986,2010-10,167.6,false
VPI1986,2010-11,167.4,false
VPI1986,2010-12,168.5,false
VPI1986,2011,172,false
VPI1986,2011-01,168.3,false
VPI1986,2011-02,169.4,false
VPI1986,2011-03,171.4,false
VPI1986,2011-04,172.3,false
VPI1986,2011-05,172.4,false
VPI1986,2011-06,172.4,false
VPI1986,2011-07,172.1,false
VPI1986,2011-08,172.4,false
VPI1986,2011-09,173.1,false
VPI1986,2011-10,173.3,false
VPI1986,2011-11,173.4,false
VPI1986,2011-12,173.8,false
VPI1986,2012,176.3,false
VPI1986,2012-01,172.9,false
VPI1986,2012-02,173.8,false
VPI1986,2012-03,175.6,false
VPI1986,2012-04,176.3,false
VPI1986,2012-05,176.1,false
VPI1986,2012-06,176.3,false
VPI1986,2012-07,175.8,false
VPI1986,2012-08,176.3,false
VPI1986,2012-09,177.8,false
VPI1986,2012-10,178.1,false
VPI1986,2012-11,178.3,false
VPI1986,2012-12,178.6,false
VPI1986,2013,179.8,false
VPI1986,2013-01,177.6,false
VPI1986,2013-02,178.1,false
VPI1986,2013-03,179.6,false
VPI1986,2013-04,179.8,false
VPI1986,2013-05,180.1,false
VPI1986,2013-06,180.1,false
VPI1986,2013-07,179.3,false
VPI1986,2013-08,179.4,false
VPI1986,2013-09,180.8,false
VPI1986,2013-10,180.6,false
VPI1986,2013-11,180.8,false
VPI1986,2013-12,181.9,false
VPI1986,2014,182.7,false
VPI1986,2014-01,180.4,false
VPI1986,2014-02,180.8,false
VPI1986,2014-03,182.6,false
VPI1986,2014-04,182.8,false
VPI1986,2014-05,183.3,false
VPI1986,2014-06,183.4,false
VPI1986,2014-07,182.4,false
VPI1986,2014-08,182.4,false
VPI1986,2014-09,183.6,false
VPI1986,2014-10,183.4,false
VPI1986,2014-11,183.8,false
VPI1986,2014-12,183.8,false
VPI1986,2015,184.4,false
VPI1986,2015-01,181.8,false
VPI1986,2015-02,182.3,false
VPI1986,2015-03,184.4,false
VPI1986,2015-04,184.6,false
VPI1986,2015-05,185.1,false
VPI1986,2015-06,185.3,false
VPI1986,2015-07,184.6,false
VPI1986,2015-08,184.3,false
VPI1986,2015-09,184.9,false
VPI1986,2015-10,184.8,false
VPI1986,2015-11,184.9,false
VPI1986,2015-12,185.6,false
VPI1986,2016,186.1,false
VPI1986,2016-01,184,false
VPI1986,2016-02,184.2,false
VPI1986,2016-03,185.7,false
VPI1986,2016-04,185.7,false
VPI1986,2016-05,186.2,false
VPI1986,2016-06,186.4,false
VPI1986,2016-07,185.7,false
VPI1986,2016-08,185.3,false
VPI1986,2016-09,186.6,false
VPI1986,2016-10,187.2,false
VPI1986,2016-11,187.4,false
VPI1986,2016-12,188.3,false
VPI1986,2017,189.9,false
VPI1986,2017-01,187.7,false
VPI1986,2017-02,188.3,false
VPI1986,2017-03,189.2,false
VPI1986,2017-04,189.6,false
VPI1986,2017-05,189.7,false
VPI1986,2017-06,189.9,false
VPI1986,2017-07,189.4,false
VPI1986,2017-08,189.2,false
VPI1986,2017-09,191,false
VPI1986,2017-10,191.2,false
VPI1986,2017-11,191.6,false
VPI1986,2017-12,192.3,false
VPI1986,2018,193.7,false
VPI1986,2018-01,191,false
VPI1986,2018-02,191.6,false
VPI1986,2018-03,192.7,false
VPI1986,2018-04,193.1,false
VPI1986,2018-05,193.4,false
VPI1986,2018-06,193.8,false
VPI1986,2018-07,193.4,false
VPI1986,2018-08,193.4,false
VPI1986,2018-09,194.9,false
VPI1986,2018-10,195.5,false
VPI1986,2018-11,195.8,false
VPI1986,2018-12,196,false
VPI1986,2019,196.7,false
VPI1986,2019-01,194.5,false
VPI1986,2019-02,194.5,false
VPI1986,2019-03,196.2,false
VPI1986,2019-04,196.4,false
VPI1986,2019-05,196.8,false
VPI1986,2019-06,196.9,false
VPI1986,2019-07,196.2,false
VPI1986,2019-08,196.4,false
VPI1986,2019-09,197.3,false
VPI1986,2019-10,197.7,false
VPI1986,2019-11,198,false
VPI1986,2019-12,199.3,false
VPI1986,2020,199.5,false
VPI1986,2020-01,198.4,false
VPI1986,2020-02,198.8,false
VPI1986,2020-03,199.3,false
VPI1986,2020-04,199.3,false
VPI1986,2020-05,198,false
VPI1986,2020-06,199.2,false
VPI1986,2020-07,199.5,false
VPI1986,2020-08,199.2,false
VPI1986,2020-09,200.1,false
VPI1986,2020-10,200.3,false
VPI1986,2020-11,200.6,false
VPI1986,2020-12,201.7,false
VPI1986,2021,205,false
VPI1986,2021-01,200.1,false
VPI1986,2021-02,201.1,false
VPI1986,2021-03,203.3,false
VPI1986,2021-04,203.1,false
VPI1986,2021-05,203.7,false
VPI1986,2021-06,204.7,false
VPI1986,2021-07,205.3,false
VPI1986,2021-08,205.5,false
VPI1986,2021-09,206.5,false
VPI1986,2021-10,207.7,false
VPI1986,2021-11,209.1,false
VPI1986,2021-12,210.3,false
VPI1986,2022,222.5,false
VPI1986,2022-01,210.1,false
VPI1986,2022-02,212.7,false
VPI1986,2022-03,217.1,false
VPI1986,2022-04,217.7,false
VPI1986,2022-05,219.5,false
VPI1986,2022-06,222.4,false
VPI1986,2022-07,224.6,false
VPI1986,2022-08,224.6,false
VPI1986,2022-09,228.4,false
VPI1986,2022-10,230.6,false
VPI1986,2022-11,231.2,false
VPI1986,2022-12,231.6,false
VPI1986,2023,239.9,false
VPI1986,2023-01,233.6,false
VPI1986,2023-02,235.8,false
VPI1986,2023-03,237,false
VPI1986,2023-04,238.6,false
VPI1986,2023-05,239,false
VPI1986,2023-06,240.2,false
VPI1986,2023-07,240.4,false
VPI1986,2023-08,241.2,false
VPI1986,2023-09,242.2,false
VPI1986,2023-10,243,false
VPI1986,2023-11,243.6,false
VPI1986,2023-12,244.6,false
VPI1986,2024,247,false
VPI1986,2024-01,244.4,false
VPI1986,2024-02,245.6,false
VPI1986,2024-03,246.8,false
VPI1986,2024-04,247,false
VPI1986,2024-05,247,false
VPI1986,2024-06,247.4,false
VPI1986,2024-07,247.4,false
VPI1986,2024-08,246.8,false
VPI1986,2024-09,246.6,false
VPI1986,2024-10,247.4,false
VPI1986,2024-11,248.2,false
VPI1986,2024-12,249.6,false
VPI1986,2025,255.7,false
VPI1986,2025-01,252.2,false
VPI1986,2025-02,253.6,false
VPI1986,2025-03,254.2,false
VPI1986,2025-04,254.6,false
VPI1986,2025-05,254.2,false
VPI1986,2025-06,255.6,false
VPI1986,2025-07,256.4,false
VPI1986,2025-08,257,false
VPI1986,2025-09,256.4,false
VPI1986,2025-10,257.4,false
VPI1986,2025-11,258.2,false
VPI1986,2025-12,259,false
VPI1986,2026-01,257.2,false
VPI1986,2026-02,259.3,false
VPI1986,2026-03,262.3,false
VPI1986,2026-04,263.4,false
VPI1986,2026-05,263.6,false
VPI1986,2026-06,263.6,false
VPI1986,2026-07,263.6,false
VPI1986,2026-08,265.2,true
VPI1996,1997,101.3,false
VPI1996,1997-01,100.7,false
VPI1996,1997-02,101.1,false
VPI1996,1997-03,101.2,false
VPI1996,1997-04,101.2,false
VPI1996,1997-05,101.3,false
VPI1996,1997-06,101.3,false
VPI1996,1997-07,101.3,false
VPI1996,1997-08,101.3,false
VPI1996,1997-09,101.3,false
VPI1996,1997-10,101.6,false
VPI1996,1997-11,101.6,false
VPI1996,1997-12,101.8,false
VPI1996,1998,102.2,false
VPI1996,1998-01,101.9,false
VPI1996,1998-02,102.1,false
VPI1996,1998-03,102.2,false
VPI1996,1998-04,102.4,false
VPI1996,1998-05,102.3,false
VPI1996,1998-06,102.2,false
VPI1996,1998-07,102.2,false
VPI1996,1998-08,102.2,false
VPI1996,1998-09,102.2,false
VPI1996,1998-10,102.3,false
VPI1996,1998-11,102.4,false
VPI1996,1998-12,102.5,false
VPI1996,1999,102.8,false
VPI1996,1999-01,102.4,false
VPI1996,1999-02,102.6,false
VPI1996,1999-03,102.6,false
VPI1996,1999-04,102.6,false
VPI1996,1999-05,102.8,false
VPI1996,1999-06,102.6,false
VPI1996,1999-07,102.6,false
VPI1996,1999-08,102.7,false
VPI1996,1999-09,102.7,false
VPI1996,1999-10,103.1,false
VPI1996,1999-11,103.2,false
VPI1996,1999-12,103.9,false
VPI1996,2000,105.2,false
VPI1996,2000-01,103.6,false
VPI1996,2000-02,104.3,false
VPI1996,2000-03,104.6,false
VPI1996,2000-04,104.5,false
VPI1996,2000-05,104.6,false
VPI1996,2000-06,105.4,false
VPI1996,2000-07,105.5,false
VPI1996,2000-08,105.5,false
VPI1996,2000-09,105.8,false
VPI1996,2000-10,106,false
VPI1996,2000-11,106.4,false
VPI1996,2000-12,106.6,false
VPI1996,2001,108,false
VPI1996,2001-01,106.8,false
VPI1996,2001-02,107.1,false
VPI1996,2001-03,107.3,false
VPI1996,2001-04,107.8,false
VPI1996,2001-05,108,false
VPI1996,2001-06,108.3,false
VPI1996,2001-07,108.4,false
VPI1996,2001-08,108.1,false
VPI1996,2001-09,108.5,false
VPI1996,2001-10,108.6,false
VPI1996,2001-11,108.5,false
VPI1996,2001-12,108.7,false
VPI1996,2002,109.9,false
VPI1996,2002-01,109,false
VPI1996,2002-02,109.1,false
VPI1996,2002-03,109.3,false
VPI1996,2002-04,109.7,false
VPI1996,2002-05,110,false
VPI1996,2002-06,110.1,false
VPI1996,2002-07,110,false
VPI1996,2002-08,110.2,false
VPI1996,2002-09,110.2,false
VPI1996,2002-10,110.5,false
VPI1996,2002-11,110.4,false
VPI1996,2002-12,110.7,false
VPI1996,2003,111.4,false
VPI1996,2003-01,110.9,false
VPI1996,2003-02,111,false
VPI1996,2003-03,111.3,false
VPI1996,2003-04,111.2,false
VPI1996,2003-05,111.2,false
VPI1996,2003-06,111.4,false
VPI1996,2003-07,111.3,false
VPI1996,2003-08,111.6,false
VPI1996,2003-09,111.8,false
VPI1996,2003-10,111.6,false
VPI1996,2003-11,111.8,false
VPI1996,2003-12,112,false
VPI1996,2004,113.7,false
VPI1996,2004-01,112.1,false
VPI1996,2004-02,112.6,false
VPI1996,2004-03,113,false
VPI1996,2004-04,113,false
VPI1996,2004-05,113.5,false
VPI1996,2004-06,113.9,false
VPI1996,2004-07,113.7,false
VPI1996,2004-08,114.1,false
VPI1996,2004-09,114.1,false
VPI1996,2004-10,114.6,false
VPI1996,2004-11,114.8,false
VPI1996,2004-12,115.3,false
VPI1996,2005,116.4,false
VPI1996,2005-01,115.4,false
VPI1996,2005-02,115.7,false
VPI1996,2005-03,116.2,false
VPI1996,2005-04,115.9,false
VPI1996,2005-05,116.1,false
VPI1996,2005-06,116.6,false
VPI1996,2005-07,116.2,false
VPI1996,2005-08,116.5,false
VPI1996,2005-09,116.9,false
VPI1996,2005-10,116.9,false
VPI1996,2005-11,116.7,false
VPI1996,2005-12,117.1,false
VPI1996,2006,118.1,false
VPI1996,2006-01,116.9,false
VPI1996,2006-02,117.2,false
VPI1996,2006-03,117.6,false
VPI1996,2006-04,118.1,false
VPI1996,2006-05,118.3,false
VPI1996,2006-06,118.4,false
VPI1996,2006-07,118.3,false
VPI1996,2006-08,118.6,false
VPI1996,2006-09,118.4,false
VPI1996,2006-10,118.3,false
VPI1996,2006-11,118.4,false
VPI1996,2006-12,118.7,false
VPI1996,2007,120.6,false
VPI1996,2007-01,118.7,false
VPI1996,2007-02,119.1,false
VPI1996,2007-03,119.7,false
VPI1996,2007-04,120.2,false
VPI1996,2007-05,120.6,false
VPI1996,2007-06,120.7,false
VPI1996,2007-07,120.7,false
VPI1996,2007-08,120.6,false
VPI1996,2007-09,120.8,false
VPI1996,2007-10,121.5,false
VPI1996,2007-11,122.1,false
VPI1996,2007-12,123,false
VPI1996,2008,124.5,false
VPI1996,2008-01,122.6,false
VPI1996,2008-02,122.9,false
VPI1996,2008-03,123.8,false
VPI1996,2008-04,124.2,false
VPI1996,2008-05,125,false
VPI1996,2008-06,125.4,false
VPI1996,2008-07,125.2,false
VPI1996,2008-08,125,false
VPI1996,2008-09,125.4,false
VPI1996,2008-10,125.2,false
VPI1996,2008-11,124.9,false
VPI1996,2008-12,124.7,false
VPI1996,2009,125.2,false
VPI1996,2009-01,124.1,false
VPI1996,2009-02,124.5,false
VPI1996,2009-03,124.8,false
VPI1996,2009-04,125,false
VPI1996,2009-05,125.4,false
VPI1996,2009-06,125.2,false
VPI1996,2009-07,124.9,false
VPI1996,2009-08,125.4,false
VPI1996,2009-09,125.5,false
VPI1996,2009-10,125.5,false
VPI1996,2009-11,125.7,false
VPI1996,2009-12,125.9,false
VPI1996,2010,127.4,false
VPI1996,2010-01,125.6,false
VPI1996,2010-02,125.8,false
VPI1996,2010-03,127.2,false
VPI1996,2010-04,127.6,false
VPI1996,2010-05,127.7,false
VPI1996,2010-06,127.7,false
VPI1996,2010-07,127.2,false
VPI1996,2010-08,127.5,false
VPI1996,2010-09,127.8,false
VPI1996,2010-10,128.2,false
VPI1996,2010-11,128,false
VPI1996,2010-12,128.9,false
VPI1996,2011,131.6,false
VPI1996,2011-01,128.7,false
VPI1996,2011-02,129.6,false
VPI1996,2011-03,131.1,false
VPI1996,2011-04,131.7,false
VPI1996,2011-05,131.9,false
VPI1996,2011-06,131.9,false
VPI1996,2011-07,131.6,false
VPI1996,2011-08,131.9,false
VPI1996,2011-09,132.4,false
VPI1996,2011-10,132.5,false
VPI1996,2011-11,132.6,false
VPI1996,2011-12,132.9,false
VPI1996,2012,134.8,false
VPI1996,2012-01,132.2,false
VPI1996,2012-02,132.9,false
VPI1996,2012-03,134.3,false
VPI1996,2012-04,134.8,false
VPI1996,2012-05,134.7,false
VPI1996,2012-06,134.8,false
VPI1996,2012-07,134.4,false
VPI1996,2012-08,134.8,false
VPI1996,2012-09,135.9,false
VPI1996,2012-10,136.2,false
VPI1996,2012-11,136.3,false
VPI1996,2012-12,136.6,false
VPI1996,2013,137.5,false
VPI1996,2013-01,135.8,false
VPI1996,2013-02,136.2,false
VPI1996,2013-03,137.3,false
VPI1996,2013-04,137.5,false
VPI1996,2013-05,137.7,false
VPI1996,2013-06,137.7,false
VPI1996,2013-07,137.1,false
VPI1996,2013-08,137.2,false
VPI1996,2013-09,138.2,false
VPI1996,2013-10,138.1,false
VPI1996,2013-11,138.2,false
VPI1996,2013-12,139.1,false
VPI1996,2014,139.7,false
VPI1996,2014-01,138,false
VPI1996,2014-02,138.2,false
VPI1996,2014-03,139.6,false
VPI1996,2014-04,139.8,false
VPI1996,2014-05,140.1,false
VPI1996,2014-06,140.3,false
VPI1996,2014-07,139.5,false
VPI1996,2014-08,139.5,false
VPI1996,2014-09,140.4,false
VPI1996,2014-10,140.3,false
VPI1996,2014-11,140.5,false
VPI1996,2014-12,140.5,false
VPI1996,2015,141,false
VPI1996,2015-01,139,false
VPI1996,2015-02,139.4,false
VPI1996,2015-03,141,false
VPI1996,2015-04,141.2,false
VPI1996,2015-05,141.5,false
VPI1996,2015-06,141.7,false
VPI1996,2015-07,141.2,false
VPI1996,2015-08,140.9,false
VPI1996,2015-09,141.4,false
VPI1996,2015-10,141.3,false
VPI1996,2015-11,141.4,false
VPI1996,2015-12,141.9,false
VPI1996,2016,142.3,false
VPI1996,2016-01,140.7,false
VPI1996,2016-02,140.9,false
VPI1996,2016-03,142,false
VPI1996,2016-04,142,false
VPI1996,2016-05,142.4,false
VPI1996,2016-06,142.6,false
VPI1996,2016-07,142,false
VPI1996,2016-08,141.7,false
VPI1996,2016-09,142.7,false
VPI1996,2016-10,143.1,false
VPI1996,2016-11,143.3,false
VPI1996,2016-12,144,false
VPI1996,2017,145.2,false
VPI1996,2017-01,143.5,false
VPI1996,2017-02,144,false
VPI1996,2017-03,144.7,false
VPI1996,2017-04,144.9,false
VPI1996,2017-05,145.1,false
VPI1996,2017-06,145.2,false
VPI1996,2017-07,144.8,false
VPI1996,2017-08,144.7,false
VPI1996,2017-09,146.1,false
VPI1996,2017-10,146.2,false
VPI1996,2017-11,146.5,false
VPI1996,2017-12,147.1,false
VPI1996,2018,148.1,false
VPI1996,2018-01,146.1,false
VPI1996,2018-02,146.5,false
VPI1996,2018-03,147.3,false
VPI1996,2018-04,147.6,false
VPI1996,2018-05,147.9,false
VPI1996,2018-06,148.2,false
VPI1996,2018-07,147.9,false
VPI1996,2018-08,147.9,false
VPI1996,2018-09,149,false
VPI1996,2018-10,149.5,false
VPI1996,2018-11,149.7,false
VPI1996,2018-12,149.9,false
VPI1996,2019,150.4,false
VPI1996,2019-01,148.8,false
VPI1996,2019-02,148.8,false
VPI1996,2019-03,150,false
VPI1996,2019-04,150.2,false
VPI1996,2019-05,150.4,false
VPI1996,2019-06,150.6,false
VPI1996,2019-07,150,false
VPI1996,2019-08,150.2,false
VPI1996,2019-09,150.9,false
VPI1996,2019-10,151.2,false
VPI1996,2019-11,151.4,false
VPI1996,2019-12,152.4,false
VPI1996,2020,152.6,false
VPI1996,2020-01,151.7,false
VPI1996,2020-02,152,false
VPI1996,2020-03,152.4,false
VPI1996,2020-04,152.4,false
VPI1996,2020-05,151.4,false
VPI1996,2020-06,152.3,false
VPI1996,2020-07,152.6,false
VPI1996,2020-08,152.3,false
VPI1996,2020-09,153,false
VPI1996,2020-10,153.1,false
VPI1996,2020-11,153.4,false
VPI1996,2020-12,154.3,false
VPI1996,2021,156.8,false
VPI1996,2021-01,153.1,false
VPI1996,2021-02,153.8,false
VPI1996,2021-03,155.5,false
VPI1996,2021-04,155.3,false
VPI1996,2021-05,155.8,false
VPI1996,2021-06,156.6,false
VPI1996,2021-07,157,false
VPI1996,2021-08,157.2,false
VPI1996,2021-09,157.9,false
VPI1996,2021-10,158.9,false
VPI1996,2021-11,159.9,false
VPI1996,2021-12,160.8,false
VPI1996,2022,170.2,false
VPI1996,2022-01,160.7,false
VPI1996,2022-02,162.7,false
VPI1996,2022-03,166,false
VPI1996,2022-04,166.5,false
VPI1996,2022-05,167.9,false
VPI1996,2022-06,170.1,false
VPI1996,2022-07,171.8,false
VPI1996,2022-08,171.8,false
VPI1996,2022-09,174.7,false
VPI1996,2022-10,176.4,false
VPI1996,2022-11,176.9,false
VPI1996,2022-12,177.2,false
VPI1996,2023,183.5,false
VPI1996,2023-01,178.7,false
VPI1996,2023-02,180.4,false
VPI1996,2023-03,181.3,false
VPI1996,2023-04,182.5,false
VPI1996,2023-05,182.8,false
VPI1996,2023-06,183.7,false
VPI1996,2023-07,183.9,false
VPI1996,2023-08,184.5,false
VPI1996,2023-09,185.3,false
VPI1996,2023-10,185.9,false
VPI1996,2023-11,186.3,false
VPI1996,2023-12,187.1,false
VPI1996,2024,188.9,false
VPI1996,2024-01,186.9,false
VPI1996,2024-02,187.9,false
VPI1996,2024-03,188.8,false
VPI1996,2024-04,188.9,false
VPI1996,2024-05,188.9,false
VPI1996,2024-06,189.2,false
VPI1996,2024-07,189.2,false
VPI1996,2024-08,188.8,false
VPI1996,2024-09,188.6,false
VPI1996,2024-10,189.2,false
VPI1996,2024-11,189.8,false
VPI1996,2024-12,190.9,false
VPI1996,2025,195.6,false
VPI1996,2025-01,192.9,false
VPI1996,2025-02,194,false
VPI1996,2025-03,194.4,false
VPI1996,2025-04,194.7,false
VPI1996,2025-05,194.4,false
VPI1996,2025-06,195.5,false
VPI1996,2025-07,196.1,false
VPI1996,2025-08,196.5,false
VPI1996,2025-09,196.1,false
VPI1996,2025-10,196.9,false
VPI1996,2025-11,197.5,false
VPI1996,2025-12,198.1,false
VPI1996,2026-01,196.8,false
VPI1996,2026-02,198.3,false
VPI1996,2026-03,200.7,false
VPI1996,2026-04,201.5,false
VPI1996,2026-05,201.7,false
VPI1996,2026-06,201.7,false
VPI1996,2026-07,201.7,false
VPI1996,2026-08,202.8,true
VPI2000,2001,102.7,false
VPI2000,2001-01,101.5,false
VPI2000,2001-02,101.8,false
VPI2000,2001-03,102,false
VPI2000,2001-04,102.5,false
VPI2000,2001-05,102.7,false
VPI2000,2001-06,102.9,false
VPI2000,2001-07,103,false
VPI2000,2001-08,102.8,false
VPI2000,2001-09,103.1,false
VPI2000,2001-10,103.2,false
VPI2000,2001-11,103.1,false
VPI2000,2001-12,103.3,false
VPI2000,2002,104.5,false
VPI2000,2002-01,103.6,false
VPI2000,2002-02,103.7,false
VPI2000,2002-03,103.9,false
VPI2000,2002-04,104.3,false
VPI2000,2002-05,104.6,false
VPI2000,2002-06,104.7,false
VPI2000,2002-07,104.6,false
VPI2000,2002-08,104.8,false
VPI2000,2002-09,104.8,false
VPI2000,2002-10,105,false
VPI2000,2002-11,104.9,false
VPI2000,2002-12,105.2,false
VPI2000,2003,105.9,false
VPI2000,2003-01,105.4,false
VPI2000,2003-02,105.5,false
VPI2000,2003-03,105.8,false
VPI2000,2003-04,105.7,false
VPI2000,2003-05,105.7,false
VPI2000,2003-06,105.9,false
VPI2000,2003-07,105.8,false
VPI2000,2003-08,106.1,false
VPI2000,2003-09,106.3,false
VPI2000,2003-10,106.1,false
VPI2000,2003-11,106.3,false
VPI2000,2003-12,106.5,false
VPI2000,2004,108.1,false
VPI2000,2004-01,106.6,false
VPI2000,2004-02,107,false
VPI2000,2004-03,107.4,false
VPI2000,2004-04,107.4,false
VPI2000,2004-05,107.9,false
VPI2000,2004-06,108.3,false
VPI2000,2004-07,108.1,false
VPI2000,2004-08,108.5,false
VPI2000,2004-09,108.5,false
VPI2000,2004-10,108.9,false
VPI2000,2004-11,109.1,false
VPI2000,2004-12,109.6,false
VPI2000,2005,110.6,false
VPI2000,2005-01,109.7,false
VPI2000,2005-02,110,false
VPI2000,2005-03,110.5,false
VPI2000,2005-04,110.2,false
VPI2000,2005-05,110.4,false
VPI2000,2005-06,110.8,false
VPI2000,2005-07,110.5,false
VPI2000,2005-08,110.7,false
VPI2000,2005-09,111.1,false
VPI2000,2005-10,111.1,false
VPI2000,2005-11,110.9,false
VPI2000,2005-12,111.3,false
VPI2000,2006,112.2,false
VPI2000,2006-01,111,false
VPI2000,2006-02,111.4,false
VPI2000,2006-03,111.7,false
VPI2000,2006-04,112.3,false
VPI2000,2006-05,112.4,false
VPI2000,2006-06,112.5,false
VPI2000,2006-07,112.4,false
VPI2000,2006-08,112.7,false
VPI2000,2006-09,112.5,false
VPI2000,2006-10,112.4,false
VPI2000,2006-11,112.5,false
VPI2000,2006-12,112.8,false
VPI2000,2007,114.6,false
VPI2000,2007-01,112.8,false
VPI2000,2007-02,113.1,false
VPI2000,2007-03,113.7,false
VPI2000,2007-04,114.2,false
VPI2000,2007-05,114.6,false
VPI2000,2007-06,114.7,false
VPI2000,2007-07,114.7,false
VPI2000,2007-08,114.6,false
VPI2000,2007-09,114.8,false
VPI2000,2007-10,115.5,false
VPI2000,2007-11,116,false
VPI2000,2007-12,116.9,false
VPI2000,2008,118.3,false
VPI2000,2008-01,116.5,false
VPI2000,2008-02,116.8,false
VPI2000,2008-03,117.7,false
VPI2000,2008-04,118,false
VPI2000,2008-05,118.8,false
VPI2000,2008-06,119.1,false
VPI2000,2008-07,119,false
VPI2000,2008-08,118.8,false
VPI2000,2008-09,119.1,false
VPI2000,2008-10,119,false
VPI2000,2008-11,118.7,false
VPI2000,2008-12,118.5,false
VPI2000,2009,118.9,false
VPI2000,2009-01,117.9,false
VPI2000,2009-02,118.3,false
VPI2000,2009-03,118.6,false
VPI2000,2009-04,118.8,false
VPI2000,2009-05,119.1,false
VPI2000,2009-06,119,false
VPI2000,2009-07,118.7,false
VPI2000,2009-08,119.1,false
VPI2000,2009-09,119.2,false
VPI2000,2009-10,119.2,false
VPI2000,2009-11,119.4,false
VPI2000,2009-12,119.7,false
VPI2000,2010,121.1,false
VPI2000,2010-01,119.3,false
VPI2000,2010-02,119.6,false
VPI2000,2010-03,120.9,false
VPI2000,2010-04,121.2,false
VPI2000,2010-05,121.3,false
VPI2000,2010-06,121.3,false
VPI2000,2010-07,120.9,false
VPI2000,2010-08,121.1,false
VPI2000,2010-09,121.4,false
VPI2000,2010-10,121.8,false
VPI2000,2010-11,121.7,false
VPI2000,2010-12,122.4,false
VPI2000,2011,125,false
VPI2000,2011-01,122.3,false
VPI2000,2011-02,123.2,false
VPI2000,2011-03,124.6,false
VPI2000,2011-04,125.2,false
VPI2000,2011-05,125.3,false
VPI2000,2011-06,125.3,false
VPI2000,2011-07,125.1,false
VPI2000,2011-08,125.3,false
VPI2000,2011-09,125.8,false
VPI2000,2011-10,125.9,false
VPI2000,2011-11,126.1,false
VPI2000,2011-12,126.3,false
VPI2000,2012,128.2,false
VPI2000,2012-01,125.7,false
VPI2000,2012-02,126.3,false
VPI2000,2012-03,127.6,false
VPI2000,2012-04,128.1,false
VPI2000,2012-05,128,false
VPI2000,2012-06,128.1,false
VPI2000,2012-07,127.8,false
VPI2000,2012-08,128.1,false
VPI2000,2012-09,129.2,false
VPI2000,2012-10,129.5,false
VPI2000,2012-11,129.6,false
VPI2000,2012-12,129.8,false
VPI2000,2013,130.7,false
VPI2000,2013-01,129.1,false
VPI2000,2013-02,129.5,false
VPI2000,2013-03,130.5,false
VPI2000,2013-04,130.7,false
VPI2000,2013-05,130.9,false
VPI2000,2013-06,130.9,false
VPI2000,2013-07,130.3,false
VPI2000,2013-08,130.4,false
VPI2000,2013-09,131.4,false
VPI2000,2013-10,131.3,false
VPI2000,2013-11,131.4,false
VPI2000,2013-12,132.2,false
VPI2000,2014,132.8,false
VPI2000,2014-01,131.2,false
VPI2000,2014-02,131.4,false
VPI2000,2014-03,132.7,false
VPI2000,2014-04,132.8,false
VPI2000,2014-05,133.2,false
VPI2000,2014-06,133.3,false
VPI2000,2014-07,132.6,false
VPI2000,2014-08,132.6,false
VPI2000,2014-09,133.5,false
VPI2000,2014-10,133.3,false
VPI2000,2014-11,133.6,false
VPI2000,2014-12,133.6,false
VPI2000,2015,134,false
VPI2000,2015-01,132.1,false
VPI2000,2015-02,132.5,false
VPI2000,2015-03,134.1,false
VPI2000,2015-04,134.2,false
VPI2000,2015-05,134.5,false
VPI2000,2015-06,134.7,false
VPI2000,2015-07,134.2,false
VPI2000,2015-08,133.9,false
VPI2000,2015-09,134.4,false
VPI2000,2015-10,134.3,false
VPI2000,2015-11,134.4,false
VPI2000,2015-12,134.9,false
VPI2000,2016,135.2,false
VPI2000,2016-01,133.7,false
VPI2000,2016-02,133.9,false
VPI2000,2016-03,134.9,false
VPI2000,2016-04,134.9,false
VPI2000,2016-05,135.3,false
VPI2000,2016-06,135.5,false
VPI2000,2016-07,134.9,false
VPI2000,2016-08,134.7,false
VPI2000,2016-09,135.6,false
VPI2000,2016-10,136,false
VPI2000,2016-11,136.1,false
VPI2000,2016-12,136.8,false
VPI2000,2017,138,false
VPI2000,2017-01,136.4,false
VPI2000,2017-02,136.8,false
VPI2000,2017-03,137.5,false
VPI2000,2017-04,137.8,false
VPI2000,2017-05,137.9,false
VPI2000,2017-06,138,false
VPI2000,2017-07,137.6,false
VPI2000,2017-08,137.5,false
VPI2000,2017-09,138.8,false
VPI2000,2017-10,139,false
VPI2000,2017-11,139.2,false
VPI2000,2017-12,139.8,false
VPI2000,2018,140.8,false
VPI2000,2018-01,138.8,false
VPI2000,2018-02,139.2,false
VPI2000,2018-03,140,false
VPI2000,2018-04,140.3,false
VPI2000,2018-05,140.6,false
VPI2000,2018-06,140.8,false
VPI2000,2018-07,140.6,false
VPI2000,2018-08,140.6,false
VPI2000,2018-09,141.6,false
VPI2000,2018-10,142,false
VPI2000,2018-11,142.3,false
VPI2000,2018-12,142.4,false
VPI2000,2019,142.9,false
VPI2000,2019-01,141.4,false
VPI2000,2019-02,141.4,false
VPI2000,2019-03,142.6,false
VPI2000,2019-04,142.7,false
VPI2000,2019-05,143,false
VPI2000,2019-06,143.1,false
VPI2000,2019-07,142.6,false
VPI2000,2019-08,142.7,false
VPI2000,2019-09,143.4,false
VPI2000,2019-10,143.6,false
VPI2000,2019-11,143.9,false
VPI2000,2019-12,144.9,false
VPI2000,2020,145,false
VPI2000,2020-01,144.2,false
VPI2000,2020-02,144.5,false
VPI2000,2020-03,144.9,false
VPI2000,2020-04,144.9,false
VPI2000,2020-05,143.9,false
VPI2000,2020-06,144.7,false
VPI2000,2020-07,145,false
VPI2000,2020-08,144.7,false
VPI2000,2020-09,145.4,false
VPI2000,2020-10,145.5,false
VPI2000,2020-11,145.8,false
VPI2000,2020-12,146.6,false
VPI2000,2021,149,false
VPI2000,2021-01,145.4,false
VPI2000,2021-02,146.2,false
VPI2000,2021-03,147.8,false
VPI2000,2021-04,147.6,false
VPI2000,2021-05,148,false
VPI2000,2021-06,148.8,false
VPI2000,2021-07,149.2,false
VPI2000,2021-08,149.4,false
VPI2000,2021-09,150.1,false
VPI2000,2021-10,150.9,false
VPI2000,2021-11,152,false
VPI2000,2021-12,152.8,false
VPI2000,2022,161.8,false
VPI2000,2022-01,152.7,false
VPI2000,2022-02,154.6,false
VPI2000,2022-03,157.8,false
VPI2000,2022-04,158.2,false
VPI2000,2022-05,159.5,false
VPI2000,2022-06,161.7,false
VPI2000,2022-07,163.3,false
VPI2000,2022-08,163.3,false
VPI2000,2022-09,166,false
VPI2000,2022-10,167.6,false
VPI2000,2022-11,168.1,false
VPI2000,2022-12,168.3,false
VPI2000,2023,174.4,false
VPI2000,2023-01,169.8,false
VPI2000,2023-02,171.4,false
VPI2000,2023-03,172.3,false
VPI2000,2023-04,173.4,false
VPI2000,2023-05,173.7,false
VPI2000,2023-06,174.6,false
VPI2000,2023-07,174.7,false
VPI2000,2023-08,175.3,false
VPI2000,2023-09,176,false
VPI2000,2023-10,176.6,false
VPI2000,2023-11,177,false
VPI2000,2023-12,177.8,false
VPI2000,2024,179.5,false
VPI2000,2024-01,177.6,false
VPI2000,2024-02,178.5,false
VPI2000,2024-03,179.4,false
VPI2000,2024-04,179.5,false
VPI2000,2024-05,179.5,false
VPI2000,2024-06,179.8,false
VPI2000,2024-07,179.8,false
VPI2000,2024-08,179.4,false
VPI2000,2024-09,179.2,false
VPI2000,2024-10,179.8,false
VPI2000,2024-11,180.4,false
VPI2000,2024-12,181.4,false
VPI2000,2025,185.8,false
VPI2000,2025-01,183.3,false
VPI2000,2025-02,184.3,false
VPI2000,2025-03,184.7,false
VPI2000,2025-04,185,false
VPI2000,2025-05,184.7,false
VPI2000,2025-06,185.7,false
VPI2000,2025-07,186.3,false
VPI2000,2025-08,186.8,false
VPI2000,2025-09,186.3,false
VPI2000,2025-10,187.1,false
VPI2000,2025-11,187.6,false
VPI2000,2025-12,188.2,false
VPI2000,2026-01,186.9,false
VPI2000,2026-02,188.4,false
VPI2000,2026-03,190.6,false
VPI2000,2026-04,191.4,false
VPI2000,2026-05,191.6,false
VPI2000,2026-06,191.6,false
VPI2000,2026-07,191.6,false
VPI2000,2026-08,192.7,true
VPI2005,2006,101.5,false
VPI2005,2006-01,100.4,false
VPI2005,2006-02,100.7,false
VPI2005,2006-03,101,false
VPI2005,2006-04,101.5,false
VPI2005,2006-05,101.6,false
VPI2005,2006-06,101.7,false
VPI2005,2006-07,101.6,false
VPI2005,2006-08,101.9,false
VPI2005,2006-09,101.7,false
VPI2005,2006-10,101.6,false
VPI2005,2006-11,101.7,false
VPI2005,2006-12,102,false
VPI2005,2007,103.7,false
VPI2005,2007-01,102,false
VPI2005,2007-02,102.3,false
VPI2005,2007-03,102.8,false
VPI2005,2007-04,103.3,false
VPI2005,2007-05,103.6,false
VPI2005,2007-06,103.7,false
VPI2005,2007-07,103.7,false
VPI2005,2007-08,103.6,false
VPI2005,2007-09,103.8,false
VPI2005,2007-10,104.4,false
VPI2005,2007-11,104.9,false
VPI2005,2007-12,105.7,false
VPI2005,2008,107,false
VPI2005,2008-01,105.3,false
VPI2005,2008-02,105.6,false
VPI2005,2008-03,106.4,false
VPI2005,2008-04,106.7,false
VPI2005,2008-05,107.4,false
VPI2005,2008-06,107.7,false
VPI2005,2008-07,107.6,false
VPI2005,2008-08,107.4,false
VPI2005,2008-09,107.7,false
VPI2005,2008-10,107.6,false
VPI2005,2008-11,107.3,false
VPI2005,2008-12,107.1,false
VPI2005,2009,107.5,false
VPI2005,2009-01,106.6,false
VPI2005,2009-02,107,false
VPI2005,2009-03,107.2,false
VPI2005,2009-04,107.4,false
VPI2005,2009-05,107.7,false
VPI2005,2009-06,107.6,false
VPI2005,2009-07,107.3,false
VPI2005,2009-08,107.7,false
VPI2005,2009-09,107.8,false
VPI2005,2009-10,107.8,false
VPI2005,2009-11,108,false
VPI2005,2009-12,108.2,false
VPI2005,2010,109.5,false
VPI2005,2010-01,107.9,false
VPI2005,2010-02,108.1,false
VPI2005,2010-03,109.3,false
VPI2005,2010-04,109.6,false
VPI2005,2010-05,109.7,false
VPI2005,2010-06,109.7,false
VPI2005,2010-07,109.3,false
VPI2005,2010-08,109.5,false
VPI2005,2010-09,109.8,false
VPI2005,2010-10,110.1,false
VPI2005,2010-11,110,false
VPI2005,2010-12,110.7,false
VPI2005,2011,113.1,false
VPI2005,2011-01,110.6,false
VPI2005,2011-02,111.4,false
VPI2005,2011-03,112.7,false
VPI2005,2011-04,113.2,false
VPI2005,2011-05,113.3,false
VPI2005,2011-06,113.3,false
VPI2005,2011-07,113.1,false
VPI2005,2011-08,113.3,false
VPI2005,2011-09,113.8,false
VPI2005,2011-10,113.9,false
VPI2005,2011-11,114,false
VPI2005,2011-12,114.2,false
VPI2005,2012,115.9,false
VPI2005,2012-01,113.7,false
VPI2005,2012-02,114.2,false
VPI2005,2012-03,115.4,false
VPI2005,2012-04,115.9,false
VPI2005,2012-05,115.7,false
VPI2005,2012-06,115.9,false
VPI2005,2012-07,115.5,false
VPI2005,2012-08,115.9,false
VPI2005,2012-09,116.8,false
VPI2005,2012-10,117.1,false
VPI2005,2012-11,117.2,false
VPI2005,2012-12,117.4,false
VPI2005,2013,118.2,false
VPI2005,2013-01,116.7,false
VPI2005,2013-02,117.1,false
VPI2005,2013-03,118,false
VPI2005,2013-04,118.2,false
VPI2005,2013-05,118.4,false
VPI2005,2013-06,118.4,false
VPI2005,2013-07,117.8,false
VPI2005,2013-08,117.9,false
VPI2005,2013-09,118.8,false
VPI2005,2013-10,118.7,false
VPI2005,2013-11,118.8,false
VPI2005,2013-12,119.6,false
VPI2005,2014,120.1,false
VPI2005,2014-01,118.6,false
VPI2005,2014-02,118.8,false
VPI2005,2014-03,120,false
VPI2005,2014-04,120.1,false
VPI2005,2014-05,120.5,false
VPI2005,2014-06,120.6,false
VPI2005,2014-07,119.9,false
VPI2005,2014-08,119.9,false
VPI2005,2014-09,120.7,false
VPI2005,2014-10,120.6,false
VPI2005,2014-11,120.8,false
VPI2005,2014-12,120.8,false
VPI2005,2015,121.2,false
VPI2005,2015-01,119.5,false
VPI2005,2015-02,119.8,false
VPI2005,2015-03,121.2,false
VPI2005,2015-04,121.3,false
VPI2005,2015-05,121.7,false
VPI2005,2015-06,121.8,false
VPI2005,2015-07,121.3,false
VPI2005,2015-08,121.1,false
VPI2005,2015-09,121.5,false
VPI2005,2015-10,121.4,false
VPI2005,2015-11,121.5,false
VPI2005,2015-12,122,false
VPI2005,2016,122.3,false
VPI2005,2016-01,121,false
VPI2005,2016-02,121.1,false
VPI2005,2016-03,122,false
VPI2005,2016-04,122,false
VPI2005,2016-05,122.4,false
VPI2005,2016-06,122.5,false
VPI2005,2016-07,122,false
VPI2005,2016-08,121.8,false
VPI2005,2016-09,122.7,false
VPI2005,2016-10,123,false
VPI2005,2016-11,123.1,false
VPI2005,2016-12,123.7,false
VPI2005,2017,124.8,false
VPI2005,2017-01,123.4,false
VPI2005,2017-02,123.7,false
VPI2005,2017-03,124.4,false
VPI2005,2017-04,124.6,false
VPI2005,2017-05,124.7,false
VPI2005,2017-06,124.8,false
VPI2005,2017-07,124.5,false
VPI2005,2017-08,124.4,false
VPI2005,2017-09,125.6,false
VPI2005,2017-10,125.7,false
VPI2005,2017-11,125.9,false
VPI2005,2017-12,126.4,false
VPI2005,2018,127.3,false
VPI2005,2018-01,125.6,false
VPI2005,2018-02,125.9,false
VPI2005,2018-03,126.7,false
VPI2005,2018-04,126.9,false
VPI2005,2018-05,127.1,false
VPI2005,2018-06,127.4,false
VPI2005,2018-07,127.1,false
VPI2005,2018-08,127.1,false
VPI2005,2018-09,128.1,false
VPI2005,2018-10,128.5,false
VPI2005,2018-11,128.7,false
VPI2005,2018-12,128.8,false
VPI2005,2019,129.3,false
VPI2005,2019-01,127.9,false
VPI2005,2019-02,127.9,false
VPI2005,2019-03,129,false
VPI2005,2019-04,129.1,false
VPI2005,2019-05,129.3,false
VPI2005,2019-06,129.4,false
VPI2005,2019-07,129,false
VPI2005,2019-08,129.1,false
VPI2005,2019-09,129.7,false
VPI2005,2019-10,129.9,false
VPI2005,2019-11,130.2,false
VPI2005,2019-12,131,false
VPI2005,2020,131.2,false
VPI2005,2020-01,130.4,false
VPI2005,2020-02,130.7,false
VPI2005,2020-03,131,false
VPI2005,2020-04,131,false
VPI2005,2020-05,130.2,false
VPI2005,2020-06,130.9,false
VPI2005,2020-07,131.1,false
VPI2005,2020-08,130.9,false
VPI2005,2020-09,131.5,false
VPI2005,2020-10,131.6,false
VPI2005,2020-11,131.9,false
VPI2005,2020-12,132.6,false
VPI2005,2021,134.8,false
VPI2005,2021-01,131.6,false
VPI2005,2021-02,132.2,false
VPI2005,2021-03,133.7,false
VPI2005,2021-04,133.6,false
VPI2005,2021-05,134,false
VPI2005,2021-06,134.6,false
VPI2005,2021-07,135,false
VPI2005,2021-08,135.1,false
VPI2005,2021-09,135.8,false
VPI2005,2021-10,136.6,false
VPI2005,2021-11,137.5,false
VPI2005,2021-12,138.3,false
VPI2005,2022,146.4,false
VPI2005,2022-01,138.2,false
VPI2005,2022-02,139.9,false
VPI2005,2022-03,142.7,false
VPI2005,2022-04,143.1,false
VPI2005,2022-05,144.3,false
VPI2005,2022-06,146.3,false
VPI2005,2022-07,147.7,false
VPI2005,2022-08,147.7,false
VPI2005,2022-09,150.2,false
VPI2005,2022-10,151.7,false
VPI2005,2022-11,152.1,false
VPI2005,2022-12,152.3,false
VPI2005,2023,157.8,false
VPI2005,2023-01,153.6,false
VPI2005,2023-02,155.1,false
VPI2005,2023-03,155.9,false
VPI2005,2023-04,156.9,false
VPI2005,2023-05,157.2,false
VPI2005,2023-06,158,false
VPI2005,2023-07,158.1,false
VPI2005,2023-08,158.6,false
VPI2005,2023-09,159.3,false
VPI2005,2023-10,159.8,false
VPI2005,2023-11,160.2,false
VPI2005,2023-12,160.9,false
VPI2005,2024,162.4,false
VPI2005,2024-01,160.7,false
VPI2005,2024-02,161.5,false
VPI2005,2024-03,162.3,false
VPI2005,2024-04,162.4,false
VPI2005,2024-05,162.4,false
VPI2005,2024-06,162.7,false
VPI2005,2024-07,162.7,false
VPI2005,2024-08,162.3,false
VPI2005,2024-09,162.2,false
VPI2005,2024-10,162.7,false
VPI2005,2024-11,163.2,false
VPI2005,2024-12,164.1,false
VPI2005,2025,168.2,false
VPI2005,2025-01,165.8,false
VPI2005,2025-02,166.8,false
VPI2005,2025-03,167.1,false
VPI2005,2025-04,167.4,false
VPI2005,2025-05,167.1,false
VPI2005,2025-06,168.1,false
VPI2005,2025-07,168.6,false
VPI2005,2025-08,169,false
VPI2005,2025-09,168.6,false
VPI2005,2025-10,169.2,false
VPI2005,2025-11,169.8,false
VPI2005,2025-12,170.3,false
VPI2005,2026-01,169.2,false
VPI2005,2026-02,170.6,false
VPI2005,2026-03,172.6,false
VPI2005,2026-04,173.2,false
VPI2005,2026-05,173.4,false
VPI2005,2026-06,173.4,false
VPI2005,2026-07,173.4,false
VPI2005,2026-08,174.4,true
VPI2010,2011,103.3,false
VPI2010,2011-01,101,false
VPI2010,2011-02,101.7,false
VPI2010,2011-03,102.9,false
VPI2010,2011-04,103.4,false
VPI2010,2011-05,103.5,false
VPI2010,2011-06,103.5,false
VPI2010,2011-07,103.3,false
VPI2010,2011-08,103.5,false
VPI2010,2011-09,103.9,false
VPI2010,2011-10,104,false
VPI2010,2011-11,104.1,false
VPI2010,2011-12,104.3,false
VPI2010,2012,105.8,false
VPI2010,2012-01,103.8,false
VPI2010,2012-02,104.3,false
VPI2010,2012-03,105.4,false
VPI2010,2012-04,105.8,false
VPI2010,2012-05,105.7,false
VPI2010,2012-06,105.8,false
VPI2010,2012-07,105.5,false
VPI2010,2012-08,105.8,false
VPI2010,2012-09,106.7,false
VPI2010,2012-10,106.9,false
VPI2010,2012-11,107,false
VPI2010,2012-12,107.2,false
VPI2010,2013,107.9,false
VPI2010,2013-01,106.6,false
VPI2010,2013-02,106.9,false
VPI2010,2013-03,107.8,false
VPI2010,2013-04,107.9,false
VPI2010,2013-05,108.1,false
VPI2010,2013-06,108.1,false
VPI2010,2013-07,107.6,false
VPI2010,2013-08,107.7,false
VPI2010,2013-09,108.5,false
VPI2010,2013-10,108.4,false
VPI2010,2013-11,108.5,false
VPI2010,2013-12,109.2,false
VPI2010,2014,109.7,false
VPI2010,2014-01,108.3,false
VPI2010,2014-02,108.5,false
VPI2010,2014-03,109.6,false
VPI2010,2014-04,109.7,false
VPI2010,2014-05,110,false
VPI2010,2014-06,110.1,false
VPI2010,2014-07,109.5,false
VPI2010,2014-08,109.5,false
VPI2010,2014-09,110.2,false
VPI2010,2014-10,110.1,false
VPI2010,2014-11,110.3,false
VPI2010,2014-12,110.3,false
VPI2010,2015,110.7,false
VPI2010,2015-01,109.1,false
VPI2010,2015-02,109.4,false
VPI2010,2015-03,110.7,false
VPI2010,2015-04,110.8,false
VPI2010,2015-05,111.1,false
VPI2010,2015-06,111.2,false
VPI2010,2015-07,110.8,false
VPI2010,2015-08,110.6,false
VPI2010,2015-09,111,false
VPI2010,2015-10,110.9,false
VPI2010,2015-11,111,false
VPI2010,2015-12,111.4,false
VPI2010,2016,111.7,false
VPI2010,2016-01,110.5,false
VPI2010,2016-02,110.6,false
VPI2010,2016-03,111.5,false
VPI2010,2016-04,111.5,false
VPI2010,2016-05,111.8,false
VPI2010,2016-06,111.9,false
VPI2010,2016-07,111.5,false
VPI2010,2016-08,111.3,false
VPI2010,2016-09,112,false
VPI2010,2016-10,112.4,false
VPI2010,2016-11,112.5,false
VPI2010,2016-12,113,false
VPI2010,2017,114,false
VPI2010,2017-01,112.7,false
VPI2010,2017-02,113,false
VPI2010,2017-03,113.6,false
VPI2010,2017-04,113.8,false
VPI2010,2017-05,113.9,false
VPI2010,2017-06,114,false
VPI2010,2017-07,113.7,false
VPI2010,2017-08,113.6,false
VPI2010,2017-09,114.7,false
VPI2010,2017-10,114.8,false
VPI2010,2017-11,115,false
VPI2010,2017-12,115.5,false
VPI2010,2018,116.3,false
VPI2010,2018-01,114.7,false
VPI2010,2018-02,115,false
VPI2010,2018-03,115.7,false
VPI2010,2018-04,115.9,false
VPI2010,2018-05,116.1,false
VPI2010,2018-06,116.3,false
VPI2010,2018-07,116.1,false
VPI2010,2018-08,116.1,false
VPI2010,2018-09,117,false
VPI2010,2018-10,117.3,false
VPI2010,2018-11,117.6,false
VPI2010,2018-12,117.7,false
VPI2010,2019,118.1,false
VPI2010,2019-01,116.8,false
VPI2010,2019-02,116.8,false
VPI2010,2019-03,117.8,false
VPI2010,2019-04,117.9,false
VPI2010,2019-05,118.1,false
VPI2010,2019-06,118.2,false
VPI2010,2019-07,117.8,false
VPI2010,2019-08,117.9,false
VPI2010,2019-09,118.4,false
VPI2010,2019-10,118.7,false
VPI2010,2019-11,118.9,false
VPI2010,2019-12,119.7,false
VPI2010,2020,119.8,false
VPI2010,2020-01,119.1,false
VPI2010,2020-02,119.3,false
VPI2010,2020-03,119.7,false
VPI2010,2020-04,119.7,false
VPI2010,2020-05,118.9,false
VPI2010,2020-06,119.6,false
VPI2010,2020-07,119.8,false
VPI2010,2020-08,119.6,false
VPI2010,2020-09,120.1,false
VPI2010,2020-10,120.2,false
VPI2010,2020-11,120.4,false
VPI2010,2020-12,121.1,false
VPI2010,2021,123.1,false
VPI2010,2021-01,120.2,false
VPI2010,2021-02,120.8,false
VPI2010,2021-03,122.1,false
VPI2010,2021-04,122,false
VPI2010,2021-05,122.3,false
VPI2010,2021-06,122.9,false
VPI2010,2021-07,123.3,false
VPI2010,2021-08,123.4,false
VPI2010,2021-09,124,false
VPI2010,2021-10,124.7,false
VPI2010,2021-11,125.6,false
VPI2010,2021-12,126.3,false
VPI2010,2022,133.6,false
VPI2010,2022-01,126.1,false
VPI2010,2022-02,127.7,false
VPI2010,2022-03,130.3,false
VPI2010,2022-04,130.7,false
VPI2010,2022-05,131.8,false
VPI2010,2022-06,133.6,false
VPI2010,2022-07,134.9,false
VPI2010,2022-08,134.9,false
VPI2010,2022-09,137.2,false
VPI2010,2022-10,138.5,false
VPI2010,2022-11,138.8,false
VPI2010,2022-12,139.1,false
VPI2010,2023,144.1,false
VPI2010,2023-01,140.3,false
VPI2010,2023-02,141.6,false
VPI2010,2023-03,142.3,false
VPI2010,2023-04,143.3,false
VPI2010,2023-05,143.5,false
VPI2010,2023-06,144.2,false
VPI2010,2023-07,144.4,false
VPI2010,2023-08,144.8,false
VPI2010,2023-09,145.4,false
VPI2010,2023-10,145.9,false
VPI2010,2023-11,146.3,false
VPI2010,2023-12,146.9,false
VPI2010,2024,148.3,false
VPI2010,2024-01,146.8,false
VPI2010,2024-02,147.5,false
VPI2010,2024-03,148.2,false
VPI2010,2024-04,148.3,false
VPI2010,2024-05,148.3,false
VPI2010,2024-06,148.6,false
VPI2010,2024-07,148.6,false
VPI2010,2024-08,148.2,false
VPI2010,2024-09,148.1,false
VPI2010,2024-10,148.6,false
VPI2010,2024-11,149,false
VPI2010,2024-12,149.9,false
VPI2010,2025,153.5,false
VPI2010,2025-01,151.4,false
VPI2010,2025-02,152.3,false
VPI2010,2025-03,152.6,false
VPI2010,2025-04,152.9,false
VPI2010,2025-05,152.6,false
VPI2010,2025-06,153.5,false
VPI2010,2025-07,153.9,false
VPI2010,2025-08,154.3,false
VPI2010,2025-09,153.9,false
VPI2010,2025-10,154.5,false
VPI2010,2025-11,155,false
VPI2010,2025-12,155.5,false
VPI2010,2026-01,154.4,false
VPI2010,2026-02,155.6,false
VPI2010,2026-03,157.5,false
VPI2010,2026-04,158.1,false
VPI2010,2026-05,158.3,false
VPI2010,2026-06,158.3,false
VPI2010,2026-07,158.3,false
VPI2010,2026-08,159.2,true
VPI2015,2016,100.9,false
VPI2015,2016-01,99.8,false
VPI2015,2016-02,99.9,false
VPI2015,2016-03,100.7,false
VPI2015,2016-04,100.7,false
VPI2015,2016-05,101,false
VPI2015,2016-06,101.1,false
VPI2015,2016-07,100.7,false
VPI2015,2016-08,100.5,false
VPI2015,2016-09,101.2,false
VPI2015,2016-10,101.5,false
VPI2015,2016-11,101.6,false
VPI2015,2016-12,102.1,false
VPI2015,2017,103,false
VPI2015,2017-01,101.8,false
VPI2015,2017-02,102.1,false
VPI2015,2017-03,102.6,false
VPI2015,2017-04,102.8,false
VPI2015,2017-05,102.9,false
VPI2015,2017-06,103,false
VPI2015,2017-07,102.7,false
VPI2015,2017-08,102.6,false
VPI2015,2017-09,103.6,false
VPI2015,2017-10,103.7,false
VPI2015,2017-11,103.9,false
VPI2015,2017-12,104.3,false
VPI2015,2018,105.1,false
VPI2015,2018-01,103.6,false
VPI2015,2018-02,103.9,false
VPI2015,2018-03,104.5,false
VPI2015,2018-04,104.7,false
VPI2015,2018-05,104.9,false
VPI2015,2018-06,105.1,false
VPI2015,2018-07,104.9,false
VPI2015,2018-08,104.9,false
VPI2015,2018-09,105.7,false
VPI2015,2018-10,106,false
VPI2015,2018-11,106.2,false
VPI2015,2018-12,106.3,false
VPI2015,2019,106.7,false
VPI2015,2019-01,105.5,false
VPI2015,2019-02,105.5,false
VPI2015,2019-03,106.4,false
VPI2015,2019-04,106.5,false
VPI2015,2019-05,106.7,false
VPI2015,2019-06,106.8,false
VPI2015,2019-07,106.4,false
VPI2015,2019-08,106.5,false
VPI2015,2019-09,107,false
VPI2015,2019-10,107.2,false
VPI2015,2019-11,107.4,false
VPI2015,2019-12,108.1,false
VPI2015,2020,108.2,false
VPI2015,2020-01,107.6,false
VPI2015,2020-02,107.8,false
VPI2015,2020-03,108.1,false
VPI2015,2020-04,108.1,false
VPI2015,2020-05,107.4,false
VPI2015,2020-06,108,false
VPI2015,2020-07,108.2,false
VPI2015,2020-08,108,false
VPI2015,2020-09,108.5,false
VPI2015,2020-10,108.6,false
VPI2015,2020-11,108.8,false
VPI2015,2020-12,109.4,false
VPI2015,2021,111.2,false
VPI2015,2021-01,108.5,false
VPI2015,2021-02,109.1,false
VPI2015,2021-03,110.3,false
VPI2015,2021-04,110.1,false
VPI2015,2021-05,110.5,false
VPI2015,2021-06,111,false
VPI2015,2021-07,111.3,false
VPI2015,2021-08,111.4,false
VPI2015,2021-09,112,false
VPI2015,2021-10,112.6,false
VPI2015,2021-11,113.4,false
VPI2015,2021-12,114,false
VPI2015,2022,120.7,false
VPI2015,2022-01,113.9,false
VPI2015,2022-02,115.3,false
VPI2015,2022-03,117.7,false
VPI2015,2022-04,118,false
VPI2015,2022-05,119,false
VPI2015,2022-06,120.6,false
VPI2015,2022-07,121.8,false
VPI2015,2022-08,121.8,false
VPI2015,2022-09,123.9,false
VPI2015,2022-10,125.1,false
VPI2015,2022-11,125.4,false
VPI2015,2022-12,125.6,false
VPI2015,2023,130.1,false
VPI2015,2023-01,126.7,false
VPI2015,2023-02,127.9,false
VPI2015,2023-03,128.5,false
VPI2015,2023-04,129.4,false
VPI2015,2023-05,129.6,false
VPI2015,2023-06,130.3,false
VPI2015,2023-07,130.4,false
VPI2015,2023-08,130.8,false
VPI2015,2023-09,131.4,false
VPI2015,2023-10,131.8,false
VPI2015,2023-11,132.1,false
VPI2015,2023-12,132.7,false
VPI2015,2024,134,false
VPI2015,2024-01,132.5,false
VPI2015,2024-02,133.2,false
VPI2015,2024-03,133.8,false
VPI2015,2024-04,134,false
VPI2015,2024-05,134,false
VPI2015,2024-06,134.2,false
VPI2015,2024-07,134.2,false
VPI2015,2024-08,133.8,false
VPI2015,2024-09,133.7,false
VPI2015,2024-10,134.2,false
VPI2015,2024-11,134.6,false
VPI2015,2024-12,135.4,false
VPI2015,2025,138.7,false
VPI2015,2025-01,136.8,false
VPI2015,2025-02,137.5,false
VPI2015,2025-03,137.8,false
VPI2015,2025-04,138.1,false
VPI2015,2025-05,137.8,false
VPI2015,2025-06,138.6,false
VPI2015,2025-07,139,false
VPI2015,2025-08,139.4,false
VPI2015,2025-09,139,false
VPI2015,2025-10,139.6,false
VPI2015,2025-11,140,false
VPI2015,2025-12,140.4,false
VPI2015,2026-01,139.5,false
VPI2015,2026-02,140.6,false
VPI2015,2026-03,142.3,false
VPI2015,2026-04,142.9,false
VPI2015,2026-05,143,false
VPI2015,2026-06,143,false
VPI2015,2026-07,143,false
VPI2015,2026-08,143.8,true
VPI2020,2021,102.8,false
VPI2020,2021-01,100.3,false
VPI2020,2021-02,100.8,false
VPI2020,2021-03,101.9,false
VPI2020,2021-04,101.8,false
VPI2020,2021-05,102.1,false
VPI2020,2021-06,102.6,false
VPI2020,2021-07,102.9,false
VPI2020,2021-08,103,false
VPI2020,2021-09,103.5,false
VPI2020,2021-10,104.1,false
VPI2020,2021-11,104.8,false
VPI2020,2021-12,105.4,false
VPI2020,2022,111.6,false
VPI2020,2022-01,105.3,false
VPI2020,2022-02,106.6,false
VPI2020,2022-03,108.8,false
VPI2020,2022-04,109.1,false
VPI2020,2022-05,110,false
VPI2020,2022-06,111.5,false
VPI2020,2022-07,112.6,false
VPI2020,2022-08,112.6,false
VPI2020,2022-09,114.5,false
VPI2020,2022-10,115.6,false
VPI2020,2022-11,115.9,false
VPI2020,2022-12,116.1,false
VPI2020,2023,120.3,false
VPI2020,2023-01,117.1,false
VPI2020,2023-02,118.2,false
VPI2020,2023-03,118.8,false
VPI2020,2023-04,119.6,false
VPI2020,2023-05,119.8,false
VPI2020,2023-06,120.4,false
VPI2020,2023-07,120.5,false
VPI2020,2023-08,120.9,false
VPI2020,2023-09,121.4,false
VPI2020,2023-10,121.8,false
VPI2020,2023-11,122.1,false
VPI2020,2023-12,122.6,false
VPI2020,2024,123.8,false
VPI2020,2024-01,122.5,false
VPI2020,2024-02,123.1,false
VPI2020,2024-03,123.7,false
VPI2020,2024-04,123.8,false
VPI2020,2024-05,123.8,false
VPI2020,2024-06,124,false
VPI2020,2024-07,124,false
VPI2020,2024-08,123.7,false
VPI2020,2024-09,123.6,false
VPI2020,2024-10,124,false
VPI2020,2024-11,124.4,false
VPI2020,2024-12,125.1,false
VPI2020,2025,128.2,false
VPI2020,2025-01,126.4,false
VPI2020,2025-02,127.1,false
VPI2020,2025-03,127.4,false
VPI2020,2025-04,127.6,false
VPI2020,2025-05,127.4,false
VPI2020,2025-06,128.1,false
VPI2020,2025-07,128.5,false
VPI2020,2025-08,128.8,false
VPI2020,2025-09,128.5,false
VPI2020,2025-10,129,false
VPI2020,2025-11,129.4,false
VPI2020,2025-12,129.8,false
VPI2020,2026-01,129,false
VPI2020,2026-02,130,false
VPI2020,2026-03,131.5,false
VPI2020,2026-04,132,false
VPI2020,2026-05,132.2,false
VPI2020,2026-06,132.2,false
VPI2020,2026-07,132.2,false
VPI2020,2026-08,132.9,true
VPI2025,2026-01,100.6,false
VPI2025,2026-02,101.4,false
VPI2025,2026-03,102.6,false
VPI2025,2026-04,103,false
VPI2025,2026-05,103.1,false
VPI2025,2026-06,103.1,false
VPI2025,2026-07,103.1,false
VPI2025,2026-08,103.7,true
